{"stats":{"minecraft:killed_by":{"undead_revamp2:the_moonflower":1},"minecraft:used":{"securitycraft:reinforced_glowstone":12,"minecraft:oak_log":52,"securitycraft:electrified_iron_fence":4,"minecraft:oak_fence":22,"minecraft:glass":6,"gamma_beasts:almandine_cobblestone_slab":5,"mca:male_villager_spawn_egg":7,"minecraft:petrified_oak_slab":161,"easy_npc:easy_npc_wand":1,"securitycraft:reinforced_oak_planks":189,"minecraft:bricks":140,"minecraft:cobblestone_stairs":6,"minecraft:dirt_path":85,"securitycraft:reinforced_cobblestone":130,"byg:holly_fence":44,"minecraft:lantern":56,"minecraft:grass_block":15,"minecraft:oak_stairs":130,"securitycraft:reinforced_stone_brick_slab":224,"easy_npc:easy_npc_preset":40,"minecraft:ladder":33,"minecraft:oak_planks":129,"byg:tall_allium":35,"securitycraft:reinforced_smooth_stone":45,"minecraft:chest":2,"minecraft:wooden_shovel":1,"minecraft:gravel":112,"byg:amaranth":30,"minecraft:oak_door":6,"securitycraft:sentry":13,"minecraft:cobblestone":245,"securitycraft:reinforced_stone_bricks":2054,"justhammers:diamond_hammer":21,"minecraft:oak_slab":70,"minecraft:crafting_table":3,"gamma_beasts:palm_tree_log":13,"minecraft:red_bed":3,"minecraft:furnace":1,"mca:female_villager_spawn_egg":8,"securitycraft:reinforced_sea_lantern":1,"byg:cyan_amaranth":41,"minecraft:white_bed":1,"securitycraft:reinforced_stone_brick_stairs":270,"securitycraft:reinforced_cobblestone_wall":57,"byg:magenta_amaranth":22,"easy_npc:humanoid_spawn_egg":5},"minecraft:picked_up":{"croptopia:cucumber":1,"securitycraft:disguise_module":2,"croptopia:cucumber_seed":2,"securitycraft:sentry":1,"minecraft:wheat_seeds":8},"minecraft:custom":{"minecraft:time_since_rest":189984,"minecraft:sprint_one_cm":102392,"minecraft:damage_taken":240,"minecraft:walk_one_cm":232746,"minecraft:damage_dealt":4,"minecraft:fly_one_cm":932192,"minecraft:interact_with_crafting_table":2,"minecraft:open_chest":1,"minecraft:crouch_one_cm":5218,"minecraft:play_time":191652,"minecraft:deaths":1,"minecraft:sneak_time":3542,"minecraft:jump":697,"minecraft:leave_game":3,"minecraft:time_since_death":190033,"minecraft:total_world_time":191652,"minecraft:climb_one_cm":4469}},"DataVersion":3120}