{"stats":{"minecraft:broken":{"minecraft:leather_chestplate":1,"minecraft:stone_pickaxe":1,"minecraft:stone_axe":1},"minecraft:killed":{"born_in_chaos_v1:restless_spirit":1,"minecraft:spider":2,"born_in_chaos_v1:zombie_bruiser":2,"born_in_chaos_v1:maggot":5,"iceandfire:fire_dragon":1,"undead_revamp2:thebidy":1,"minecraft:pig":2,"minecraft:zombie_villager":2,"born_in_chaos_v1:baby_skeleton":1,"iceandfire:amphithere":2,"undead_revamp2:the_moonflower":9,"minecraft:creeper":4,"born_in_chaos_v1:decrepit_skeleton":2,"minecraft:zombie":9,"born_in_chaos_v1:door_knight":1,"minecraft:enderman":1,"minecraft:cow":3},"minecraft:used":{"croptopia:starfruit":5,"minecraft:chest":1,"born_in_chaos_v1:fried_maggot":4,"dynamictrees:oak_seed":2,"gamma_beasts:thin_oak_log":1,"minecraft:torch":24,"iceandfire:armor_copper_metal_boots":1,"scalinghealth:heart_crystal":2,"minecraft:dirt":40,"croptopia:vanilla_seeds":2,"croptopia:chile_pepper":1,"croptopia:strawberry_seed":1,"minecraft:iron_hoe":103,"born_in_chaos_v1:smoked_flesh":5,"crittersandcompanions:koi_fish_bucket":1,"securitycraft:sentry":1,"minecraft:furnace":3,"tombstone:gift":2,"minecraft:cooked_beef":1,"minecraft:light_gray_bed":1,"minecraft:wheat_seeds":7,"minecraft:water_bucket":26,"securitycraft:reinforced_cobblestone":3,"minecraft:oak_planks":7,"minecraft:stone_pickaxe":99,"minecraft:cactus":1,"minecraft:wooden_pickaxe":6,"minecraft:sugar_cane":3,"croptopia:kale_seed":1,"minecraft:crafting_table":4,"croptopia:soybean_seed":3,"minecraft:acacia_leaves":1,"iceandfire:silver_axe":67,"minecraft:smoker":1,"minecraft:shears":6,"iceandfire:silver_pickaxe":443,"tombstone:bag_of_seeds":1,"minecraft:oak_log":2,"gamma_beasts:fried_egg":3,"chococraft:gysahl_green_seeds":16,"minecraft:bread":19,"croptopia:chile_pepper_seed":2,"minecraft:gravel":1,"jeg:scrap_workbench":1,"minecraft:stone_axe":108,"minecraft:cobblestone":22,"minecraft:cooked_porkchop":4,"byg:cyan_amaranth":1,"minecraft:bucket":28,"croptopia:onion":1,"iceandfire:silver_shovel":87,"minecraft:coarse_dirt":3,"minecraft:bone_meal":6,"minecraft:experience_bottle":1},"minecraft:picked_up":{"gamma_beasts:thin_oak_log":1,"minecraft:crafting_table":3,"chococraft:loverly_gysahl_green":1,"minecraft:coarse_dirt":4,"minecraft:wheat":2,"croptopia:onion":1,"minecraft:enchanted_book":1,"minecraft:string":10,"byg:horseweed":1,"minecraft:beef":4,"dynamictrees:oak_seed":9,"minecraft:light_gray_wool":3,"minecraft:coal_block":2,"minecraft:sugar_cane":3,"minecraft:furnace":2,"minecraft:egg":8,"minecraft:stick":25,"minecraft:raw_iron":3,"minecraft:copper_ingot":4,"minecraft:torch":24,"iceandfire:silver_ore":19,"minecraft:porkchop":2,"born_in_chaos_v1:pieceofdarkmetal":1,"minecraft:vine":6,"minecraft:arrow":2,"minecraft:cactus":1,"minecraft:rotten_flesh":32,"minecraft:hay_block":38,"crittersandcompanions:silk":4,"gamma_beasts:coal_nugget":5,"tombstone:essence_of_undeath":1,"minecraft:mutton":1,"minecraft:white_wool":5,"minecraft:cobblestone":328,"born_in_chaos_v1:corpse_maggot":4,"minecraft:basalt":2,"born_in_chaos_v1:monster_flesh":1,"minecraft:andesite":13,"minecraft:jungle_log":3,"minecraft:acacia_leaves":2,"securitycraft:disguise_module":1,"minecraft:leather":4,"minecraft:oak_log":38,"jeg:scrap":115,"minecraft:gunpowder":5,"byg:dacite_cobblestone":5,"scalinghealth:heart_crystal":2,"byg:magenta_amaranth":1,"minecraft:dirt":110,"minecraft:lantern":1,"securitycraft:sentry":1,"byg:cyan_amaranth":1,"minecraft:podzol":1,"chococraft:chocobo_feather":3,"minecraft:bone":6,"chococraft:gysahl_green":27,"chococraft:gold_gysahl":1,"byg:ebony_log":1,"minecraft:wheat_seeds":11,"mowziesmobs:foliaath_seed":2,"minecraft:iron_ingot":7,"born_in_chaos_v1:smoked_flesh":46,"born_in_chaos_v1:chipped_black_argillite_brick":1,"tombstone:bag_of_seeds":1,"minecraft:oak_planks":11,"jeg:tech_trash":11,"croptopia:chile_pepper_seed":2,"croptopia:starfruit":5,"born_in_chaos_v1:ethereal_spirit":1,"minecraft:gravel":1,"chococraft:gysahl_green_seeds":11,"minecraft:spider_eye":5,"alexsmobs:animal_dictionary":1,"croptopia:chile_pepper":1,"minecraft:slime_ball":1,"scalinghealth:cursed_heart":1,"minecraft:oak_sapling":5,"minecraft:coal":37},"minecraft:dropped":{"minecraft:wheat_seeds":3,"minecraft:crafting_table":1,"byg:horseweed":1,"minecraft:cobblestone":16,"minecraft:leather":1,"chococraft:gysahl_green_seeds":1,"minecraft:gold_nugget":4,"minecraft:coarse_dirt":1,"alexsmobs:animal_dictionary":1,"chococraft:chocobo_feather":1,"born_in_chaos_v1:smoked_flesh":23,"minecraft:acacia_leaves":2,"born_in_chaos_v1:chipped_black_argillite_brick":1,"tombstone:essence_of_undeath":1,"minecraft:egg":1},"minecraft:mined":{"iceandfire:silver_ore":19,"minecraft:grass_block":33,"minecraft:jungle_log":3,"minecraft:coal_block":2,"minecraft:hay_block":38,"minecraft:furnace":2,"minecraft:iron_ore":3,"born_in_chaos_v1:black_argillite_brick_slab":1,"minecraft:fire":3,"minecraft:andesite":14,"chococraft:gysahl_green":6,"minecraft:vine":7,"crittersandcompanions:silk_cocoon":1,"dynamictrees:jungle_undergrowth_leaves":3,"minecraft:stone":349,"byg:dacite":5,"croptopia:starfruit_crop":4,"jeg:scrap_ore":57,"byg:golden_spined_cactus":1,"minecraft:basalt":2,"minecraft:crafting_table":2,"minecraft:torch":1,"minecraft:tall_grass":1,"minecraft:cobblestone":2,"born_in_chaos_v1:chipped_black_argillite_brick":2,"minecraft:sugar_cane":1,"minecraft:oak_planks":6,"minecraft:wall_torch":7,"minecraft:diorite":1,"byg:prickly_pear_cactus":1,"minecraft:coarse_dirt":4,"byg:horseweed":1,"minecraft:wheat":2,"byg:ebony_log":1,"byg:overgrown_stone":16,"croptopia:chile_pepper_crop":1,"byg:windswept_sand":1,"gamma_beasts:thin_oak_log":1,"minecraft:grass":11,"minecraft:oak_log":14,"minecraft:coal_ore":37,"minecraft:dirt":63,"minecraft:oak_leaves":47,"minecraft:fern":1},"minecraft:killed_by":{"minecraft:player":3,"undead_revamp2:the_moonflower":2,"born_in_chaos_v1:nightmare_stalker":1,"minecraft:creeper":2,"minecraft:spider":1,"minecraft:skeleton":1,"minecraft:zombie":1,"undead_revamp2:thepregnant":1,"born_in_chaos_v1:missioner":1,"born_in_chaos_v1:dread_hound":1},"minecraft:custom":{"minecraft:mob_kills":53,"minecraft:interact_with_crafting_table":26,"minecraft:damage_dealt_resisted":550,"minecraft:leave_game":7,"minecraft:time_since_death":30530,"minecraft:climb_one_cm":6254,"minecraft:sprint_one_cm":543397,"minecraft:walk_one_cm":281627,"minecraft:drop":23,"minecraft:damage_dealt_absorbed":138,"minecraft:play_time":220569,"minecraft:deaths":14,"minecraft:sneak_time":8937,"minecraft:walk_under_water_one_cm":67679,"minecraft:jump":4572,"minecraft:walk_on_water_one_cm":61391,"minecraft:total_world_time":220569,"minecraft:interact_with_furnace":23,"minecraft:traded_with_villager":6,"minecraft:sleep_in_bed":2,"minecraft:time_since_rest":30115,"minecraft:damage_taken":5632,"minecraft:damage_dealt":18006,"minecraft:swim_one_cm":251751,"minecraft:fly_one_cm":1661569,"minecraft:open_chest":26,"minecraft:crouch_one_cm":14002,"tombstone:undead_killed":27,"minecraft:interact_with_smoker":5,"minecraft:fall_one_cm":100945},"minecraft:crafted":{"minecraft:oak_planks":32,"minecraft:coal":18,"iceandfire:silver_shovel":1,"minecraft:furnace":2,"minecraft:bone_meal":18,"iceandfire:armor_copper_metal_boots":1,"jeg:scrap_workbench":1,"born_in_chaos_v1:fried_maggot":4,"minecraft:stone_pickaxe":1,"minecraft:chest":1,"minecraft:smoker":1,"minecraft:wheat":18,"iceandfire:silver_axe":1,"minecraft:cooked_beef":1,"iceandfire:silver_ingot":18,"minecraft:cooked_porkchop":4,"minecraft:crafting_table":2,"minecraft:wooden_pickaxe":1,"minecraft:bucket":1,"gamma_beasts:fried_egg":3,"minecraft:stone_axe":2,"minecraft:bread":25,"minecraft:air":0,"jeg:scrap_block":11,"minecraft:light_gray_bed":1,"minecraft:oak_log":16,"minecraft:charcoal":1,"minecraft:stick":16,"minecraft:iron_ingot":4,"born_in_chaos_v1:smoked_flesh":28,"minecraft:leather_chestplate":1,"minecraft:chainmail_boots":1,"chococraft:chocobo_saddle":1,"byg:ebony_planks":4,"chococraft:gysahl_green_seeds":6,"minecraft:torch":4,"iceandfire:silver_pickaxe":1,"minecraft:shears":1}},"DataVersion":3120}