{"stats":{"minecraft:crafted":{"spartanshields:wooden_tower_shield":1,"iceandfire:dragon_stick":1,"minecraft:furnace":3,"minecraft:stone":19,"automobility:auto_mechanic_table":1,"minecraft:cooked_mutton":2,"iceandfire:armor_copper_metal_boots":1,"minecraft:iron_axe":1,"born_in_chaos_v1:fried_maggot":12,"spartanshields:copper_tower_shield":1,"minecraft:stone_pickaxe":2,"iceandfire:armor_copper_metal_chestplate":1,"minecraft:smoker":1,"minecraft:diamond_sword":1,"minecraft:crafting_table":2,"minecraft:spruce_planks":60,"minecraft:wooden_pickaxe":1,"minecraft:iron_helmet":1,"minecraft:copper_ingot":23,"minecraft:birch_planks":4,"minecraft:stone_axe":1,"minecraft:air":0,"minecraft:jungle_planks":4,"minecraft:iron_chestplate":1,"justhammers:stone_hammer":3,"minecraft:stick":32,"born_in_chaos_v1:smoked_flesh":23,"minecraft:iron_ingot":27,"minecraft:iron_leggings":1,"spartanshields:wooden_basic_shield":1,"minecraft:torch":4},"minecraft:mined":{"iceandfire:silver_ore":4,"minecraft:warped_stairs":1,"minecraft:grass_block":2,"born_in_chaos_v1:black_argillite":11,"minecraft:white_stained_glass":1,"minecraft:iron_ore":3,"dynamictrees:rooty_grass_block":1,"iceandfire:chared_gravel":3,"chococraft:gysahl_green":14,"minecraft:oxidized_cut_copper_slab":4,"minecraft:stone":100,"minecraft:iron_block":1,"byg:dacite":2,"gamma_beasts:abeto_hoja":2,"byg:palm_planks":2,"minecraft:crafting_table":1,"minecraft:copper_ore":6,"minecraft:cobblestone":19,"byg:soapstone":7,"minecraft:warped_planks":12,"minecraft:ice":2,"minecraft:white_carpet":1,"minecraft:spruce_log":13,"minecraft:grass":10,"minecraft:coal_ore":18,"minecraft:dirt":4,"byg:blueberry_bush":6,"minecraft:fern":3},"minecraft:picked_up":{"chococraft:loverly_gysahl_green":7,"minecraft:crafting_table":1,"born_in_chaos_v1:diamond_termite_shard":4,"byg:soapstone":40,"dynamictrees:spruce_seed":9,"minecraft:wooden_pickaxe":1,"minecraft:warped_stairs":1,"born_in_chaos_v1:black_argillite":66,"minecraft:raw_copper":61,"minecraft:cobbled_deepslate":8,"iceandfire:dread_shard":3,"minecraft:warped_slab":1,"minecraft:sugar_cane":1,"minecraft:egg":2,"minecraft:tipped_arrow":2,"minecraft:stick":48,"minecraft:raw_iron":18,"iceandfire:dragonbone":20,"minecraft:stone":4,"minecraft:torch":1,"iceandfire:silver_ore":12,"minecraft:quartz_pillar":5,"minecraft:stone_button":1,"tombstone:grave_dust":2,"minecraft:diorite":49,"minecraft:warped_planks":13,"the_bumblezone:bee_stinger":1,"iceandfire:dragon_skull_ice":1,"minecraft:stone_sword":1,"minecraft:arrow":3,"minecraft:rotten_flesh":23,"minecraft:tropical_fish":2,"born_in_chaos_v1:wood_splitter_axe":1,"crittersandcompanions:silk":3,"minecraft:iron_block":1,"gamma_beasts:coal_nugget":6,"byg:palm_log":1,"minecraft:mutton":6,"minecraft:blaze_powder":1,"undead_revamp2:arapholia":2,"minecraft:snowball":50,"minecraft:white_wool":4,"minecraft:cobblestone":1302,"croptopia:cauliflower":1,"minecraft:birch_log":1,"born_in_chaos_v1:corpse_maggot":14,"iceandfire:siren_flute":1,"minecraft:feather":1,"minecraft:iron_door":1,"minecraft:andesite":48,"minecraft:jungle_log":1,"minecraft:birch_planks":4,"scalinghealth:bandages":2,"jeg:scrap":19,"minecraft:gunpowder":4,"byg:dacite_cobblestone":3,"scalinghealth:heart_crystal":4,"minecraft:dirt":10,"minecraft:bone":8,"chococraft:gysahl_green":44,"undead_revamp2:blacpetalblock":4,"minecraft:bow":1,"byg:blueberries":11,"minecraft:rabbit_hide":2,"dynamictrees:birch_seed":24,"minecraft:glowstone_dust":2,"minecraft:powered_rail":2,"croptopia:roe":3,"jeg:tech_trash":2,"luckytntmod:flak_tnt":1,"croptopia:cauliflower_seed":1,"minecraft:gravel":3,"chococraft:gysahl_green_seeds":15,"minecraft:spruce_log":19,"gamma_beasts:blackberry":6,"byg:palm_planks":8,"minecraft:leather_helmet":1,"minecraft:granite":62,"scalinghealth:cursed_heart":1,"tombstone:magic_scroll":1,"minecraft:coal":45,"iceandfire:chared_gravel":3},"minecraft:used":{"minecraft:stone_sword":4,"minecraft:flint_and_steel":2,"undead_revamp2:blacpetalblock":3,"minecraft:spruce_planks":1,"minecraft:stone":5,"born_in_chaos_v1:black_argillite":48,"born_in_chaos_v1:fried_maggot":12,"minecraft:torch":4,"minecraft:dirt":3,"scalinghealth:heart_crystal":4,"luckytntmod:tnt_x5":2,"minecraft:snowball":16,"born_in_chaos_v1:smoked_flesh":23,"minecraft:quartz_pillar":5,"minecraft:iron_axe":127,"minecraft:warped_stairs":1,"minecraft:furnace":2,"byg:dacite_cobblestone":1,"tombstone:gift":2,"minecraft:egg":1,"minecraft:iron_leggings":1,"minecraft:cooked_mutton":2,"dynamictrees:spruce_seed":3,"minecraft:stone_pickaxe":187,"minecraft:wooden_pickaxe":8,"luckytntmod:flak_tnt":2,"minecraft:crafting_table":4,"gamma_beasts:blackberry":5,"minecraft:warped_planks":12,"minecraft:smoker":1,"byg:blueberries":5,"minecraft:apple":1,"automobility:auto_mechanic_table":1,"spartanshields:copper_tower_shield":25,"byg:soapstone":27,"justhammers:stone_hammer":214,"minecraft:stone_axe":69,"minecraft:diamond_sword":56,"minecraft:cobblestone":143,"minecraft:potion":2,"born_in_chaos_v1:wood_splitter_axe":20,"chococraft:gysahl_green":43,"byg:palm_planks":12},"minecraft:dropped":{"minecraft:iron_sword":1,"iceandfire:siren_flute":2,"minecraft:birch_planks":4,"chococraft:loverly_gysahl_green":6,"scalinghealth:cursed_heart":1,"gamma_beasts:coal_nugget":1,"minecraft:cobblestone":601,"croptopia:cauliflower":1,"chococraft:gysahl_green_seeds":9,"jeg:scrap":19,"minecraft:tropical_fish":2,"minecraft:grass_block":1,"minecraft:dirt":5,"minecraft:warped_slab":1,"minecraft:diorite":32,"tombstone:grave_key":1,"byg:soapstone":66,"minecraft:birch_log":45,"jeg:tech_trash":2,"minecraft:gravel":1,"minecraft:cobbled_deepslate":5,"minecraft:raw_copper":22,"justhammers:iron_hammer":1,"gamma_beasts:blackberry":1,"minecraft:rabbit_hide":2,"minecraft:tipped_arrow":1,"minecraft:stone":4,"born_in_chaos_v1:corpse_maggot":4,"minecraft:stone_pickaxe":1,"byg:dacite_cobblestone":1,"chococraft:gysahl_green":1},"minecraft:killed":{"born_in_chaos_v1:zombie_clown":1,"alexsmobs:lobster":5,"undead_revamp2:thehunter":1,"minecraft:witch":1,"born_in_chaos_v1:zombie_lumberjack":1,"graveyard:revenant":1,"undead_revamp2:theswarmer":1,"born_in_chaos_v1:maggot":3,"minecraft:skeleton":16,"iceandfire:dread_knight":1,"minecraft:bee":1,"minecraft:axolotl":1,"born_in_chaos_v1:corpse_fish":1,"minecraft:tropical_fish":44,"born_in_chaos_v1:diamond_termite":4,"born_in_chaos_v1:swarmer":1,"undead_revamp2:the_moonflower":5,"minecraft:creeper":9,"born_in_chaos_v1:decrepit_skeleton":1,"minecraft:sheep":4,"minecraft:zombie":9,"born_in_chaos_v1:dread_hound":1,"born_in_chaos_v1:corpse_fly":8,"minecraft:stray":1,"alexsmobs:fly":1,"whisperwoods:moth":1,"minecraft:enderman":1},"minecraft:killed_by":{"iceandfire:cyclops":1,"minecraft:stray":1,"undead_revamp2:thebeartamer":1,"iceandfire:fire_dragon":1},"minecraft:broken":{"minecraft:leather_helmet":1,"minecraft:stone_pickaxe":1,"justhammers:stone_hammer":2,"minecraft:stone_axe":1},"minecraft:custom":{"minecraft:mob_kills":127,"minecraft:interact_with_crafting_table":24,"minecraft:damage_dealt_resisted":247,"minecraft:leave_game":7,"minecraft:time_since_death":19707,"minecraft:climb_one_cm":650,"minecraft:damage_resisted":288,"minecraft:sprint_one_cm":316800,"minecraft:walk_one_cm":223194,"minecraft:damage_blocked_by_shield":1250,"minecraft:drop":48,"minecraft:damage_dealt_absorbed":450,"minecraft:play_time":152950,"minecraft:deaths":5,"minecraft:sneak_time":6956,"minecraft:walk_under_water_one_cm":28724,"tombstone:tomb_raiding":2,"minecraft:jump":2558,"minecraft:walk_on_water_one_cm":22984,"minecraft:total_world_time":152950,"minecraft:interact_with_furnace":37,"spartanshields:shield_bash_hits":1,"tombstone:raider_killed":1,"minecraft:time_since_rest":19370,"minecraft:damage_taken":6966,"minecraft:damage_dealt":16144,"minecraft:swim_one_cm":83908,"minecraft:fly_one_cm":1007981,"minecraft:player_kills":4,"minecraft:open_chest":16,"minecraft:crouch_one_cm":10709,"tombstone:undead_killed":39,"minecraft:interact_with_smoker":15,"minecraft:fall_one_cm":64631,"minecraft:inspect_dispenser":1}},"DataVersion":3120}