{"stats":{"minecraft:crafted":{"minecraft:oak_planks":32,"minecraft:smooth_stone":3,"minecraft:deepslate":38,"minecraft:crafting_table":2,"minecraft:spruce_planks":56,"minecraft:wooden_pickaxe":1,"minecraft:spruce_door":3,"minecraft:furnace":2,"minecraft:blast_furnace":1,"minecraft:stone":6,"minecraft:stone_axe":1,"minecraft:air":0,"byg:palm_planks":28,"justhammers:iron_hammer":3,"justhammers:stone_hammer":1,"gamma_beasts:prehnite_armor_leggings":1,"minecraft:stick":12,"minecraft:iron_ingot":27,"minecraft:iron_pickaxe":1,"justhammers:diamond_hammer":1,"minecraft:chest":7,"gamma_beasts:prehnite_armor_helmet":1,"minecraft:diamond_chestplate":1},"minecraft:mined":{"minecraft:spruce_planks":1,"minecraft:crafting_table":4,"minecraft:cobblestone":4,"minecraft:gray_wool":4,"minecraft:furnace":3,"byg:palm_log":8,"luckytntmod:honey_tnt":1,"minecraft:grass":2,"minecraft:sunflower":1,"minecraft:dirt":9,"minecraft:stone":41,"minecraft:deepslate":1,"minecraft:fern":1},"minecraft:picked_up":{"minecraft:crafting_table":4,"iceandfire:sapphire_gem":6,"minecraft:iron_chestplate":1,"byg:soapstone":1,"minecraft:azure_bluet":1,"minecraft:water_bucket":1,"minecraft:andesite":41,"dynamictrees:spruce_seed":7,"gamma_beasts:prehnite":14,"minecraft:tuff":10,"minecraft:oak_log":8,"jeg:scrap":10,"luckytntmod:honey_tnt":2,"minecraft:gunpowder":120,"scalinghealth:heart_crystal":1,"minecraft:lapis_lazuli":29,"minecraft:dirt":19,"minecraft:string":10,"minecraft:raw_copper":23,"minecraft:glass":24,"minecraft:bone":2,"minecraft:wheat_seeds":1,"minecraft:cobbled_deepslate":1903,"minecraft:raw_gold":8,"gamma_beasts:prehnite_armor_leggings":1,"minecraft:spruce_planks":1,"minecraft:iron_ingot":29,"dynamictrees:birch_seed":2,"minecraft:sugar_cane":2,"jeg:tech_trash":5,"minecraft:furnace":3,"minecraft:stick":31,"minecraft:raw_iron":63,"iceandfire:silver_ore":4,"justhammers:iron_hammer":1,"tombstone:grave_dust":3,"minecraft:diorite":16,"minecraft:spruce_log":14,"minecraft:redstone":13,"minecraft:arrow":4,"minecraft:rotten_flesh":9,"minecraft:diamond":52,"minecraft:deepslate":35,"minecraft:granite":13,"minecraft:golden_apple":1,"minecraft:gray_wool":6,"byg:palm_log":7,"minecraft:baked_potato":18,"minecraft:coal":127,"minecraft:cobblestone":1198},"minecraft:dropped":{"luckytntmod:honey_tnt":2,"minecraft:wheat_seeds":1,"minecraft:cobbled_deepslate":64,"minecraft:rotten_flesh":3,"dynamictrees:spruce_seed":6,"justhammers:iron_hammer":1,"minecraft:flint_and_steel":1,"minecraft:gray_wool":6,"tombstone:grave_key":1,"tombstone:grave_dust":4,"minecraft:glass":12,"minecraft:wooden_pickaxe":1,"minecraft:redstone":4},"minecraft:used":{"luckytntmod:honey_tnt":2,"luckytntmod:chunk_tnt":1,"minecraft:cooked_mutton":1,"luckytntmod:wool_tnt":1,"minecraft:water_bucket":12,"minecraft:spruce_door":2,"minecraft:flint_and_steel":7,"minecraft:chest":7,"minecraft:spruce_planks":21,"minecraft:wooden_pickaxe":45,"minecraft:dirt":19,"minecraft:blast_furnace":1,"justhammers:diamond_hammer":143,"minecraft:crafting_table":6,"luckytntmod:christmas_tnt":3,"gamma_beasts:prehnite_armor_helmet":1,"minecraft:granite":13,"justhammers:iron_hammer":400,"minecraft:glass":20,"gamma_beasts:prehnite_armor_leggings":1,"minecraft:iron_pickaxe":11,"minecraft:deepslate":38,"justhammers:stone_hammer":90,"minecraft:bedrock":107,"minecraft:stone_axe":61,"minecraft:diamond_chestplate":1,"minecraft:cobblestone":89,"minecraft:furnace":3,"minecraft:bucket":12,"tombstone:gift":1,"minecraft:cooked_beef":13,"minecraft:cobbled_deepslate":69},"minecraft:killed":{"born_in_chaos_v1:baby_skeleton":1,"minecraft:salmon":1,"undead_revamp2:the_moonflower":3,"minecraft:bat":1,"minecraft:cod":11,"minecraft:creeper":1,"born_in_chaos_v1:decrepit_skeleton":1,"born_in_chaos_v1:maggot":1,"minecraft:skeleton":3,"whisperwoods:zotzpyre":1,"minecraft:zombie":4,"born_in_chaos_v1:dread_hound":1,"alexsmobs:fly":1,"undead_revamp2:thepregnant":1},"minecraft:killed_by":{"iceandfire:ghost":1},"minecraft:broken":{"justhammers:stone_hammer":1,"justhammers:iron_hammer":2},"minecraft:custom":{"minecraft:interact_with_furnace":43,"minecraft:mob_kills":33,"minecraft:interact_with_crafting_table":38,"minecraft:open_barrel":2,"minecraft:leave_game":4,"minecraft:time_since_death":127700,"minecraft:time_since_rest":126523,"minecraft:sprint_one_cm":185311,"minecraft:damage_taken":2257,"minecraft:walk_one_cm":390348,"minecraft:trigger_trapped_chest":1,"minecraft:drop":22,"minecraft:damage_dealt":3019,"minecraft:player_kills":2,"minecraft:swim_one_cm":14274,"minecraft:fly_one_cm":667200,"minecraft:open_chest":23,"minecraft:crouch_one_cm":9962,"minecraft:play_time":146551,"minecraft:sneak_time":2476,"tombstone:undead_killed":13,"minecraft:deaths":3,"minecraft:walk_under_water_one_cm":38001,"minecraft:jump":1588,"minecraft:interact_with_blast_furnace":3,"minecraft:walk_on_water_one_cm":48674,"minecraft:total_world_time":146551,"minecraft:fall_one_cm":29252}},"DataVersion":3120}