{"stats":{"minecraft:killed":{"born_in_chaos_v1:diamond_termite":1,"undead_revamp2:the_moonflower":1,"minecraft:skeleton":3,"minecraft:sheep":1,"minecraft:bee":1,"iceandfire:ghost":1},"minecraft:dropped":{"minecraft:cobbled_deepslate":77,"minecraft:tuff":64,"gamma_beasts:coal_nugget":1,"minecraft:stick":1,"tombstone:grave_key":8,"minecraft:wooden_axe":1,"minecraft:arrow":4,"minecraft:wooden_pickaxe":1},"minecraft:killed_by":{"minecraft:player":6,"graveyard:ghoul":1,"minecraft:creeper":1,"iceandfire:ghost":1},"minecraft:broken":{"justhammers:diamond_hammer":1},"minecraft:mined":{"byg:dacite":19,"minecraft:deepslate_redstone_ore":4,"minecraft:tuff":96,"minecraft:deepslate_diamond_ore":12,"luckytntmod:deepslate_gunpowder_ore":4,"minecraft:torch":2,"minecraft:granite":1,"minecraft:grass_block":6,"born_in_chaos_v1:black_argillite":3,"iceandfire:ghost_chest":1,"minecraft:copper_ore":8,"minecraft:tall_grass":1,"minecraft:deepslate_gold_ore":9,"minecraft:diorite":4,"minecraft:wall_torch":2,"jeg:deepslate_scrap_ore":10,"minecraft:large_fern":4,"byg:palm_log":12,"aquamirae:wisteria_niveis":1,"minecraft:fire":1,"minecraft:iron_ore":6,"minecraft:ice":1,"minecraft:andesite":9,"dynamictrees:birch_leaves":2,"minecraft:deepslate_lapis_ore":4,"dynamictrees:spruce_leaves":8,"minecraft:peony":1,"minecraft:grass":4,"chococraft:gysahl_green":6,"minecraft:coal_ore":12,"minecraft:deepslate_iron_ore":8,"scalinghealth:deepslate_power_crystal_ore":1,"minecraft:gravel":11,"byg:palm_leaves":5,"minecraft:dirt":3,"minecraft:packed_ice":1,"byg:rocky_stone":5,"minecraft:stone":40,"minecraft:deepslate":674},"minecraft:custom":{"minecraft:interact_with_furnace":15,"minecraft:mob_kills":8,"minecraft:interact_with_crafting_table":19,"minecraft:leave_game":3,"minecraft:time_since_death":52231,"minecraft:climb_one_cm":285,"minecraft:time_since_rest":50619,"minecraft:sprint_one_cm":168410,"minecraft:damage_taken":4608,"minecraft:walk_one_cm":248568,"minecraft:trigger_trapped_chest":1,"minecraft:drop":17,"minecraft:damage_dealt":2178,"minecraft:swim_one_cm":12402,"minecraft:fly_one_cm":267066,"minecraft:player_kills":1,"minecraft:open_chest":1,"minecraft:crouch_one_cm":1741,"minecraft:play_time":95061,"tombstone:undead_killed":5,"minecraft:deaths":10,"minecraft:sneak_time":1597,"minecraft:walk_under_water_one_cm":1482,"minecraft:jump":1319,"minecraft:walk_on_water_one_cm":15193,"minecraft:total_world_time":95061,"minecraft:fall_one_cm":28742},"minecraft:used":{"minecraft:birch_planks":1,"minecraft:stone_pickaxe":91,"minecraft:wooden_pickaxe":27,"minecraft:iron_sword":41,"minecraft:torch":9,"minecraft:dirt":4,"justhammers:diamond_hammer":1235,"minecraft:tnt":1,"minecraft:crafting_table":10,"minecraft:tuff":12,"born_in_chaos_v1:corpse_maggot":5,"minecraft:wooden_axe":9,"minecraft:diamond_pickaxe":748,"minecraft:iron_pickaxe":78,"iceandfire:ghost_chest":1,"minecraft:wooden_sword":8,"minecraft:furnace":3,"minecraft:andesite":9,"chococraft:gysahl_green":10,"tombstone:gift":3,"byg:palm_planks":8,"minecraft:cobbled_deepslate":12},"minecraft:picked_up":{"minecraft:birch_log":5,"born_in_chaos_v1:corpse_maggot":5,"chococraft:loverly_gysahl_green":1,"born_in_chaos_v1:diamond_termite_shard":1,"minecraft:andesite":9,"minecraft:wooden_pickaxe":1,"minecraft:tuff":363,"minecraft:gunpowder":18,"byg:dacite_cobblestone":19,"born_in_chaos_v1:black_argillite":3,"minecraft:lapis_lazuli":62,"minecraft:dirt":7,"minecraft:raw_copper":30,"minecraft:bone":2,"chococraft:gysahl_green":11,"minecraft:wheat_seeds":2,"minecraft:cobbled_deepslate":665,"minecraft:raw_gold":27,"dynamictrees:birch_seed":7,"minecraft:sugar_cane":5,"minecraft:stick":78,"minecraft:raw_iron":15,"iceandfire:ghost_chest":1,"minecraft:torch":6,"minecraft:gravel":11,"chococraft:gysahl_green_seeds":9,"minecraft:diorite":4,"minecraft:spruce_log":10,"minecraft:redstone":124,"minecraft:arrow":4,"minecraft:rotten_flesh":5,"minecraft:diamond":44,"minecraft:granite":1,"gamma_beasts:coal_nugget":2,"byg:palm_log":11,"minecraft:coal":12,"byg:rocky_stone":5,"minecraft:cobblestone":40,"minecraft:wooden_axe":1},"minecraft:crafted":{"minecraft:wooden_sword":1,"minecraft:crafting_table":11,"minecraft:spruce_planks":40,"minecraft:wooden_pickaxe":3,"minecraft:iron_sword":1,"minecraft:furnace":3,"minecraft:birch_planks":20,"minecraft:air":0,"minecraft:diamond_block":3,"byg:palm_planks":44,"minecraft:diamond_pickaxe":1,"minecraft:stick":8,"justhammers:diamond_hammer":2,"minecraft:iron_pickaxe":2,"minecraft:iron_ingot":12,"minecraft:stone_pickaxe":1,"minecraft:wooden_axe":1,"minecraft:gold_ingot":3,"minecraft:torch":4}},"DataVersion":3120}