{"stats":{"minecraft:crafted":{"minecraft:oak_planks":44,"iceandfire:dragon_stick":1,"minecraft:furnace":5,"spartanshields:copper_basic_shield":1,"iceandfire:armor_copper_metal_helmet":1,"sophisticatedbackpacks:copper_backpack":1,"minecraft:iron_axe":2,"justhammers:diamond_hammer":1,"minecraft:stone_pickaxe":2,"minecraft:chest":5,"iceandfire:copper_pickaxe":1,"minecraft:stone_hoe":1,"minecraft:wheat":459,"sophisticatedbackpacks:iron_backpack":1,"sophisticatedbackpacks:backpack":1,"minecraft:crafting_table":3,"minecraft:wooden_pickaxe":1,"minecraft:iron_helmet":1,"minecraft:copper_ingot":39,"sophisticatedbackpacks:gold_backpack":1,"minecraft:stone_axe":1,"minecraft:bread":153,"minecraft:air":0,"byg:palm_planks":8,"minecraft:iron_chestplate":1,"minecraft:white_wool":3,"gamma_beasts:palm_tree_planks":36,"sophisticatedbackpacks:diamond_backpack":1,"minecraft:stick":36,"minecraft:iron_ingot":62,"minecraft:iron_pickaxe":2,"minecraft:wooden_axe":1,"minecraft:gold_ingot":8,"spartanshields:wooden_basic_shield":1,"minecraft:white_bed":1,"gamma_beasts:prehnite_pickaxe":1},"minecraft:mined":{"minecraft:tuff":1,"minecraft:white_bed":2,"minecraft:deepslate_diamond_ore":1,"minecraft:granite":45,"minecraft:grass_block":3,"minecraft:soul_soil":1,"minecraft:coal_block":140,"gamma_beasts:palm_tree_planks":4,"minecraft:kelp":8,"minecraft:spawner":1,"minecraft:hay_block":51,"minecraft:furnace":1,"minecraft:iron_ore":95,"minecraft:fire":16,"gamma_beasts:prehnite_ore":4,"minecraft:andesite":5,"dynamictrees:spruce_leaves":3,"minecraft:azure_bluet":1,"chococraft:gysahl_green":19,"minecraft:deepslate_iron_ore":1,"minecraft:vine":1,"minecraft:stone":364,"scalinghealth:heart_crystal_ore":2,"gamma_beasts:abeto_hoja":10,"jeg:scrap_ore":8,"minecraft:blackstone":21,"minecraft:soul_sand":2,"minecraft:kelp_plant":7,"byg:skyris_leaves":1,"minecraft:dandelion":5,"minecraft:crafting_table":5,"gamma_beasts:abeto_hoja_1":8,"iceandfire:ghost_chest":2,"minecraft:chest":1,"minecraft:tall_grass":10,"minecraft:copper_ore":25,"minecraft:cobblestone":3,"minecraft:deepslate_gold_ore":4,"minecraft:diorite":20,"byg:lush_grass_block":3,"byg:green_apple_skyris_leaves":2,"byg:lush_dirt":8,"byg:palm_log":2,"byg:maple_leaves":1,"byg:green_apple_fruit_block":1,"minecraft:birch_leaves":2,"gamma_beasts:palm_tree_log":9,"minecraft:grass":65,"minecraft:coal_ore":130,"minecraft:gravel":15,"minecraft:sand":1,"minecraft:dirt":1,"byg:blueberry_bush":3,"gamma_beasts:coconut_block":17,"minecraft:oak_leaves":2,"minecraft:deepslate":5,"luckytntmod:gunpowder_ore":51},"minecraft:picked_up":{"chococraft:loverly_gysahl_green":3,"minecraft:crafting_table":5,"byg:soapstone":33,"minecraft:azure_bluet":2,"byg:lush_dirt":11,"minecraft:chain":1,"minecraft:cornflower":1,"minecraft:string":1,"minecraft:raw_copper":84,"minecraft:blackstone":21,"minecraft:cobbled_deepslate":1219,"minecraft:beef":22,"dynamictrees:oak_seed":4,"minecraft:poppy":2,"minecraft:coal_block":146,"minecraft:chest":1,"minecraft:birch_sapling":1,"gamma_beasts:palm_tree_planks":4,"minecraft:furnace":1,"minecraft:tipped_arrow":1,"iceandfire:dragonbone":4,"minecraft:stick":26,"minecraft:raw_iron":104,"iceandfire:ghost_chest":1,"minecraft:torch":1,"tombstone:grave_dust":1,"byg:green_apple":2,"minecraft:diorite":44,"iceandfire:dragon_skull_ice":1,"minecraft:arrow":2,"minecraft:rotten_flesh":23,"minecraft:hay_block":51,"gamma_beasts:coal_nugget":50,"byg:palm_log":2,"minecraft:skeleton_skull":5,"minecraft:mutton":7,"undead_revamp2:arapholia":2,"minecraft:white_wool":4,"minecraft:cobblestone":622,"minecraft:oxeye_daisy":1,"minecraft:birch_log":1,"gamma_beasts:almandine_cobblestone":5,"born_in_chaos_v1:corpse_maggot":2,"minecraft:basalt":2,"minecraft:andesite":35,"minecraft:leather":10,"gamma_beasts:prehnite":4,"minecraft:flint":1,"minecraft:tuff":55,"minecraft:oak_log":11,"scalinghealth:bandages":2,"iceandfire:ectoplasm":2,"jeg:scrap":16,"minecraft:gunpowder":200,"byg:dacite_cobblestone":1,"minecraft:lapis_lazuli":16,"minecraft:dirt":76,"minecraft:bone":4,"chococraft:gysahl_green":55,"chococraft:gold_gysahl":1,"undead_revamp2:blacpetalblock":2,"minecraft:kelp":1,"byg:blueberries":2,"minecraft:wheat_seeds":8,"minecraft:raw_gold":34,"scalinghealth:power_crystal_shard":1,"minecraft:soul_sand":1,"jeg:tech_trash":2,"scalinghealth:heart_crystal_shard":6,"minecraft:dandelion":13,"gamma_beasts:coconut":16,"minecraft:gravel":15,"gamma_beasts:palm_tree_log":9,"minecraft:sand":1,"chococraft:gysahl_green_seeds":19,"minecraft:white_bed":3,"gamma_beasts:blackberry":30,"minecraft:spider_eye":1,"gamma_beasts:spruce_leaf":7,"minecraft:bundle":1,"gamma_beasts:prehnite_pickaxe":1,"minecraft:diamond":114,"minecraft:granite":101,"scalinghealth:cursed_heart":2,"alexsmobs:maggot":1,"immersive_armors:divine_helmet":1,"minecraft:netherrack":2,"minecraft:coal":130},"minecraft:used":{"undead_revamp2:blacpetalblock":1,"minecraft:chest":5,"minecraft:stone_hoe":54,"minecraft:netherrack":1,"minecraft:dirt":3,"minecraft:mutton":4,"minecraft:carrot":2,"gamma_beasts:prehnite_pickaxe":269,"minecraft:tuff":2,"byg:lush_dirt":8,"minecraft:granite":16,"minecraft:wooden_axe":17,"minecraft:iron_axe":116,"gamma_beasts:palm_tree_planks":4,"iceandfire:ghost_chest":1,"minecraft:golden_carrot":2,"spartanshields:copper_basic_shield":4,"minecraft:furnace":6,"undead_revamp2:arapholia":1,"minecraft:skeleton_skull":5,"byg:green_apple":1,"scalinghealth:bandages":1,"tombstone:gift":4,"minecraft:cobbled_deepslate":28,"gamma_beasts:coconut":16,"minecraft:cooked_mutton":1,"minecraft:diorite":20,"gamma_beasts:almandine_cobblestone":2,"minecraft:stone_pickaxe":262,"minecraft:baked_potato":12,"minecraft:blackstone":20,"minecraft:wooden_pickaxe":3,"justhammers:diamond_hammer":454,"minecraft:crafting_table":6,"minecraft:white_bed":4,"minecraft:cod":3,"gamma_beasts:blackberry":18,"minecraft:bread":9,"minecraft:iron_pickaxe":428,"byg:soapstone":1,"minecraft:gravel":7,"minecraft:stone_axe":1,"minecraft:cobblestone":47,"minecraft:andesite":4,"chococraft:gysahl_green":12,"minecraft:dandelion":2},"minecraft:dropped":{"byg:blueberries":2,"chococraft:loverly_gysahl_green":2,"minecraft:wheat_seeds":6,"minecraft:lapis_lazuli":12,"minecraft:baked_potato":6,"chococraft:gysahl_green_seeds":1,"minecraft:copper_ingot":19,"gamma_beasts:prehnite_pickaxe":1,"byg:lush_dirt":3,"minecraft:stick":3,"minecraft:dirt":1,"minecraft:torch":1,"gamma_beasts:spruce_leaf":2,"tombstone:grave_dust":2,"minecraft:chain":1,"minecraft:iron_axe":1,"minecraft:sand":1,"undead_revamp2:blacpetalblock":1,"minecraft:birch_log":1,"minecraft:white_wool":3,"minecraft:dandelion":1,"minecraft:bone":21,"minecraft:gravel":1,"minecraft:kelp":1,"alexsmobs:maggot":1,"dynamictrees:oak_seed":4,"minecraft:cobbled_deepslate":279,"minecraft:birch_sapling":1,"undead_revamp2:arapholia":1,"minecraft:rotten_flesh":18,"iceandfire:armor_copper_metal_helmet":1,"byg:green_apple":1,"minecraft:tipped_arrow":1,"minecraft:bundle":1,"born_in_chaos_v1:corpse_maggot":2,"minecraft:spider_eye":1,"minecraft:arrow":2,"byg:dacite_cobblestone":1,"scalinghealth:bandages":1},"minecraft:killed":{"minecraft:spider":1,"undead_revamp2:theswarmer":1,"born_in_chaos_v1:maggot":3,"minecraft:skeleton":2,"minecraft:bee":1,"whisperwoods:wisp":1,"graveyard:ghoul":1,"undead_revamp2:the_moonflower":4,"minecraft:sheep":4,"minecraft:zombie":7,"iceandfire:ghost":2,"alexsmobs:fly":1,"minecraft:cow":11},"minecraft:broken":{"gamma_beasts:prehnite_pickaxe":1,"minecraft:stone_pickaxe":2},"minecraft:killed_by":{"minecraft:player":1,"born_in_chaos_v1:skeleton_thrasher":1,"gamma_beasts:careyatros_a":1,"minecraft:zombie":1},"minecraft:custom":{"minecraft:mob_kills":41,"tombstone:use_vanishing":1,"minecraft:interact_with_crafting_table":46,"minecraft:open_barrel":3,"goblintraders:trade_with_goblin":22,"minecraft:bell_ring":1,"minecraft:leave_game":6,"minecraft:time_since_death":69076,"minecraft:climb_one_cm":529,"minecraft:sprint_one_cm":581005,"minecraft:walk_one_cm":157040,"minecraft:damage_blocked_by_shield":138,"minecraft:drop":82,"minecraft:play_time":129721,"minecraft:deaths":4,"minecraft:sneak_time":13614,"minecraft:walk_under_water_one_cm":24112,"minecraft:jump":3053,"minecraft:interact_with_blast_furnace":2,"minecraft:walk_on_water_one_cm":33247,"minecraft:total_world_time":129721,"minecraft:interact_with_furnace":53,"minecraft:sleep_in_bed":4,"minecraft:time_since_rest":53447,"minecraft:damage_taken":3024,"minecraft:damage_dealt":6613,"minecraft:fly_one_cm":771422,"minecraft:swim_one_cm":118851,"minecraft:open_chest":25,"minecraft:crouch_one_cm":44759,"tombstone:undead_killed":17,"minecraft:fall_one_cm":68663}},"DataVersion":3120}