{"stats":{"minecraft:broken":{"minecraft:stone_pickaxe":1,"minecraft:stone_axe":1,"gamma_beasts:prehnite_pickaxe":1,"immersive_armors:divine_helmet":1},"minecraft:killed":{"born_in_chaos_v1:restless_spirit":1,"born_in_chaos_v1:zombie_lumberjack":1,"iceandfire:gorgon":1,"minecraft:spider":1,"minecraft:skeleton":13,"minecraft:silverfish":2,"undead_revamp2:thespitter":1,"minecraft:creeper":1,"minecraft:sheep":8,"minecraft:zombie":32,"born_in_chaos_v1:dread_hound":8,"born_in_chaos_v1:corpse_fly":1,"minecraft:cow":9,"undead_revamp2:thehunter":1,"born_in_chaos_v1:maggot":26,"born_in_chaos_v1:dire_hound_leader":1,"minecraft:drowned":3,"born_in_chaos_v1:barrel_zombie":1,"undead_revamp2:the_moonflower":4,"born_in_chaos_v1:decrepit_skeleton":2,"whisperwoods:zotzpyre":2,"born_in_chaos_v1:bloody_gadfly":1},"minecraft:used":{"gamma_beasts:prehnite_pickaxe":422,"minecraft:tuff":5,"born_in_chaos_v1:corpse_maggot":2,"byg:amaranth":2,"minecraft:stone_bricks":309,"spartanshields:iron_basic_shield":4,"minecraft:furnace":6,"minecraft:egg":1,"minecraft:diorite":11,"minecraft:diamond_boots":1,"minecraft:oak_planks":1,"minecraft:stone_pickaxe":159,"minecraft:wooden_pickaxe":4,"minecraft:diamond_axe":1,"minecraft:sugar_cane":8,"minecraft:golden_apple":1,"scalinghealth:cursed_heart":1,"minecraft:deepslate_tiles":1,"minecraft:dark_oak_log":2,"minecraft:bread":14,"minecraft:gravel":1,"iceandfire:copper_hoe":1,"born_in_chaos_v1:smoked_monster_flesh":15,"minecraft:diamond_sword":145,"minecraft:chainmail_boots":1,"minecraft:andesite":4,"chococraft:gysahl_green":13,"minecraft:bone_meal":18,"beyond_earth:earth_globe":1,"gamma_beasts:green_apple":12,"minecraft:torch":79,"minecraft:dirt":35,"scalinghealth:heart_crystal":6,"iceandfire:copper_sword":140,"minecraft:granite":10,"minecraft:iron_axe":17,"scalinghealth:power_crystal":1,"minecraft:basalt":1,"spartanshields:copper_basic_shield":24,"tombstone:gift":6,"undead_revamp2:arapholia":1,"minecraft:cobbled_deepslate":9,"minecraft:cooked_mutton":12,"gamma_beasts:prehnite_sword":140,"minecraft:deepslate_bricks":1,"minecraft:rail":2,"minecraft:crafting_table":11,"justhammers:diamond_hammer":24,"minecraft:white_bed":9,"minecraft:smoker":1,"minecraft:diamond_pickaxe":1080,"minecraft:diamond_shovel":30,"chococraft:gysahl_green_seeds":13,"minecraft:iron_pickaxe":134,"byg:soapstone":2,"justhammers:stone_hammer":16,"minecraft:stone_axe":69,"minecraft:cobblestone":287,"minecraft:cooked_porkchop":34,"minecraft:jungle_door":3,"byg:cyan_amaranth":5,"alexsmobs:animal_dictionary":2},"minecraft:picked_up":{"gamma_beasts:thin_oak_log":6,"chococraft:loverly_gysahl_green":1,"minecraft:chainmail_boots":1,"minecraft:turtle_egg":1,"byg:amaranth":3,"minecraft:string":25,"minecraft:raw_copper":48,"minecraft:deepslate_tiles":1,"minecraft:gold_nugget":4,"minecraft:cobbled_deepslate":933,"dynamictrees:oak_seed":5,"minecraft:coal_block":44,"gamma_beasts:prehnite_sword":1,"minecraft:furnace":3,"minecraft:stick":32,"born_in_chaos_v1:phantom_powder":3,"minecraft:torch":71,"minecraft:acacia_log":4,"tombstone:grave_dust":15,"minecraft:diorite":25,"born_in_chaos_v1:fried_maggot":1,"minecraft:rotten_flesh":99,"croptopia:squash_seed":1,"minecraft:tropical_fish":1,"gamma_beasts:coal_nugget":29,"chococraft:chocobo_drumstick_raw":1,"minecraft:cod":2,"undead_revamp2:arapholia":2,"minecraft:cobblestone":809,"minecraft:leather_chestplate":1,"minecraft:andesite":64,"minecraft:jungle_log":30,"minecraft:smoker":4,"gamma_beasts:prehnite":43,"minecraft:potato":2,"minecraft:flint":4,"minecraft:tuff":103,"gamma_beasts:oak_leaf":12,"jeg:scrap":15,"minecraft:lapis_lazuli":8,"minecraft:dirt":73,"born_in_chaos_v1:monster_skin":12,"minecraft:bone":63,"croptopia:corn":2,"undead_revamp2:blacpetalblock":1,"minecraft:bow":1,"minecraft:wheat_seeds":12,"minecraft:raw_gold":4,"minecraft:cooked_porkchop":104,"alexsmobs:animal_dictionary":1,"minecraft:dark_oak_log":2,"minecraft:barrel":1,"minecraft:bundle":1,"minecraft:diamond":128,"minecraft:granite":108,"croptopia:onion_seed":2,"scalinghealth:cursed_heart":1,"iceandfire:gorgon_head":1,"immersive_armors:divine_helmet":1,"minecraft:diamond_pickaxe":1,"minecraft:crafting_table":12,"byg:soapstone":2,"born_in_chaos_v1:river_mint":1,"croptopia:onion":1,"minecraft:chain":2,"minecraft:beef":11,"born_in_chaos_v1:gnawed_bones":2,"minecraft:iron_nugget":5,"minecraft:sugar_cane":8,"crittersandcompanions:clam":3,"minecraft:egg":1,"minecraft:raw_iron":174,"croptopia:corn_seed":2,"iceandfire:armor_copper_metal_boots":1,"minecraft:redstone":37,"byg:biomepedia":1,"minecraft:arrow":21,"minecraft:deepslate_bricks":1,"crittersandcompanions:silk":5,"minecraft:mutton":12,"minecraft:white_wool":13,"minecraft:skeleton_skull":1,"minecraft:rail":2,"born_in_chaos_v1:corpse_maggot":27,"minecraft:basalt":1,"born_in_chaos_v1:monster_flesh":17,"minecraft:glow_ink_sac":1,"minecraft:leather":6,"gamma_beasts:green_apple":12,"minecraft:oak_log":2,"scalinghealth:bandages":6,"minecraft:gunpowder":10,"scalinghealth:heart_crystal":6,"byg:cyan_amaranth":5,"chococraft:chocobo_feather":2,"chococraft:gysahl_green":71,"minecraft:stone_bricks":3,"chococraft:gold_gysahl":1,"croptopia:squash":1,"minecraft:iron_ingot":1,"minecraft:stone_pickaxe":1,"scalinghealth:power_crystal_shard":16,"minecraft:iron_sword":2,"jeg:tech_trash":1,"scalinghealth:heart_crystal_shard":1,"minecraft:gravel":38,"born_in_chaos_v1:fangofthe_hound_leader":1,"chococraft:gysahl_green_seeds":19,"minecraft:blast_furnace":1,"minecraft:white_bed":8,"minecraft:spider_eye":1,"minecraft:slime_ball":4,"immersive_armors:wooden_chestplate":1,"dynamictrees:jungle_seed":4,"minecraft:coal":111},"minecraft:dropped":{"minecraft:iron_sword":2,"crittersandcompanions:clam":3,"born_in_chaos_v1:fried_maggot":1,"minecraft:glow_ink_sac":1,"minecraft:crafting_table":3,"minecraft:cooked_porkchop":181,"minecraft:jungle_planks":3,"minecraft:cod":2,"born_in_chaos_v1:monster_flesh":2,"minecraft:dirt":11,"dynamictrees:jungle_seed":4,"croptopia:squash_seed":1,"iceandfire:copper_hoe":1,"iceandfire:armor_copper_metal_boots":1,"minecraft:chain":2,"minecraft:glistering_melon_slice":8,"undead_revamp2:blacpetalblock":1,"minecraft:bone":48,"croptopia:onion":1,"croptopia:corn":2,"minecraft:iron_nugget":1,"minecraft:cobbled_deepslate":490,"undead_revamp2:arapholia":1,"minecraft:rotten_flesh":43,"gamma_beasts:prehnite_sword":1,"minecraft:leather_chestplate":1,"minecraft:skeleton_skull":1,"born_in_chaos_v1:corpse_maggot":15,"minecraft:chainmail_boots":1,"croptopia:onion_seed":2,"minecraft:arrow":8,"minecraft:beef":11,"croptopia:squash":1,"minecraft:enchanted_book":1,"minecraft:bread":1,"minecraft:iron_ingot":5,"minecraft:wheat_seeds":12,"gamma_beasts:oak_leaf":12,"gamma_beasts:coal_nugget":14,"chococraft:gysahl_green_seeds":5,"minecraft:tropical_fish":1,"minecraft:acacia_log":4,"minecraft:turtle_egg":1,"mca:book_romance":1,"born_in_chaos_v1:river_mint":1,"chococraft:chocobo_drumstick_raw":1,"tombstone:grave_dust":2,"minecraft:iron_leggings":1,"minecraft:string":2,"minecraft:furnace":1,"minecraft:tuff":13,"minecraft:iron_boots":1,"minecraft:smoker":3,"croptopia:corn_seed":2,"crittersandcompanions:silk":5,"iceandfire:copper_axe":1,"minecraft:iron_chestplate":1,"minecraft:diamond_pickaxe":1,"byg:amaranth":1,"minecraft:spider_eye":1,"minecraft:barrel":1,"minecraft:slime_ball":4,"minecraft:stone_pickaxe":2,"scalinghealth:bandages":6,"chococraft:gysahl_green":26},"minecraft:mined":{"undead_revamp2:arapholia":1,"minecraft:white_bed":8,"minecraft:sculk_vein":1,"minecraft:granite":57,"minecraft:grass_block":6,"minecraft:coal_block":44,"minecraft:deepslate_bricks":1,"minecraft:spawner":1,"minecraft:iron_ore":144,"minecraft:cobbled_deepslate":2,"minecraft:fire":1,"byg:tall_beach_grass":1,"minecraft:deepslate_lapis_ore":1,"chococraft:gysahl_green":19,"dynamictrees:jungle_undergrowth_leaves":2,"minecraft:deepslate_redstone_ore":8,"minecraft:smoker":1,"byg:golden_spined_cactus":1,"minecraft:torch":16,"minecraft:blast_furnace":1,"minecraft:cobblestone":48,"minecraft:sugar_cane":5,"minecraft:wall_torch":13,"minecraft:skeleton_skull":1,"minecraft:seagrass":1,"byg:soapstone":2,"byg:cyan_amaranth":2,"minecraft:grass":78,"minecraft:dirt":52,"born_in_chaos_v1:infernal_evil_pumpkin_s":1,"minecraft:oak_leaves":1,"minecraft:deepslate":470,"minecraft:deepslate_tiles":1,"minecraft:diamond_ore":2,"minecraft:tuff":103,"minecraft:deepslate_diamond_ore":126,"croptopia:onion_crop":1,"minecraft:furnace":3,"croptopia:corn_crop":1,"gamma_beasts:prehnite_ore":42,"minecraft:andesite":62,"croptopia:squash_crop":1,"minecraft:deepslate_iron_ore":4,"crittersandcompanions:silk_cocoon":1,"minecraft:stone":529,"scalinghealth:heart_crystal_ore":1,"minecraft:glass_pane":1,"minecraft:basalt":1,"minecraft:crafting_table":9,"byg:amaranth":1,"minecraft:tall_grass":1,"minecraft:copper_ore":15,"minecraft:diorite":25,"jeg:deepslate_scrap_ore":7,"gamma_beasts:deepslate_prehnite_ore":2,"byg:leaf_pile":1,"gamma_beasts:thin_oak_log":6,"minecraft:coal_ore":80,"minecraft:gravel":14,"minecraft:cobweb":23,"minecraft:stone_bricks":3,"minecraft:infested_stone":1},"minecraft:killed_by":{"iceandfire:gorgon":5,"undead_revamp2:therod":1,"born_in_chaos_v1:missioner":1},"minecraft:custom":{"minecraft:interact_with_crafting_table":92,"goblintraders:trade_with_goblin":30,"minecraft:leave_game":5,"minecraft:time_since_death":62521,"minecraft:sprint_one_cm":1004519,"minecraft:damage_blocked_by_shield":2380,"minecraft:drop":250,"minecraft:play_time":263912,"minecraft:deaths":7,"minecraft:jump":4699,"minecraft:walk_on_water_one_cm":48555,"minecraft:interact_with_furnace":139,"minecraft:traded_with_villager":15,"minecraft:sleep_in_bed":7,"minecraft:damage_dealt":24920,"minecraft:crouch_one_cm":71324,"tombstone:undead_killed":59,"minecraft:interact_with_smoker":20,"minecraft:mob_kills":150,"minecraft:damage_dealt_resisted":254,"minecraft:climb_one_cm":5517,"minecraft:walk_one_cm":279859,"minecraft:sneak_time":25999,"minecraft:walk_under_water_one_cm":51381,"minecraft:total_world_time":263912,"minecraft:time_since_rest":20537,"minecraft:damage_taken":2147483647,"minecraft:damage_absorbed":40,"tombstone:cast_on_ally":1,"minecraft:swim_one_cm":231236,"minecraft:fly_one_cm":1161455,"minecraft:open_chest":26,"minecraft:fall_one_cm":116561},"minecraft:crafted":{"minecraft:oak_planks":28,"minecraft:stone":335,"minecraft:diamond_shovel":1,"minecraft:cooked_mutton":12,"iceandfire:armor_copper_metal_boots":1,"spartanshields:iron_basic_shield":1,"iceandfire:copper_axe":1,"minecraft:diamond_leggings":1,"minecraft:iron_boots":1,"justhammers:diamond_hammer":1,"iceandfire:armor_copper_metal_chestplate":1,"minecraft:chest":1,"minecraft:stone_bricks":332,"scalinghealth:power_crystal":1,"minecraft:smoker":1,"sophisticatedbackpacks:backpack":1,"minecraft:cooked_porkchop":578,"minecraft:diamond_axe":1,"minecraft:crafting_table":3,"minecraft:wooden_pickaxe":1,"minecraft:copper_ingot":48,"iceandfire:copper_sword":3,"beyond_earth:hammer":1,"iceandfire:copper_hoe":1,"minecraft:iron_chestplate":1,"minecraft:diamond_pickaxe":2,"minecraft:stick":40,"minecraft:leather_chestplate":1,"minecraft:iron_ingot":93,"minecraft:iron_pickaxe":2,"spartanshields:wooden_basic_shield":3,"chococraft:gysahl_green_seeds":2,"gamma_beasts:prehnite_pickaxe":2,"minecraft:iron_nugget":9,"minecraft:furnace":5,"iceandfire:armor_copper_metal_leggings":1,"minecraft:bone_meal":18,"spartanshields:copper_basic_shield":3,"born_in_chaos_v1:smoked_monster_flesh":15,"iceandfire:armor_copper_metal_helmet":1,"gamma_beasts:prehnite_sword":1,"minecraft:iron_axe":1,"born_in_chaos_v1:fried_maggot":2,"minecraft:stone_pickaxe":2,"minecraft:diamond_boots":1,"sophisticatedbackpacks:iron_backpack":1,"minecraft:diamond_sword":1,"minecraft:bone":12,"minecraft:stone_axe":2,"minecraft:air":0,"minecraft:bread":15,"minecraft:jungle_planks":44,"minecraft:oak_log":16,"minecraft:jungle_door":3,"minecraft:white_wool":3,"justhammers:stone_hammer":1,"minecraft:gunpowder":12,"minecraft:chainmail_boots":1,"minecraft:iron_leggings":1,"chococraft:chocobo_saddle":1,"minecraft:white_bed":2,"minecraft:torch":12,"minecraft:diamond_chestplate":1}},"DataVersion":3120}