{"stats":{"minecraft:killed":{"minecraft:zombie_villager":1,"born_in_chaos_v1:maggot":3,"minecraft:zombie":5,"born_in_chaos_v1:corpse_fly":5},"minecraft:broken":{"minecraft:stone_pickaxe":1},"minecraft:used":{"minecraft:iron_shovel":160,"minecraft:flint_and_steel":7,"minecraft:stone_pickaxe":131,"minecraft:wooden_pickaxe":17,"born_in_chaos_v1:fried_maggot":8,"minecraft:diamond_axe":4,"minecraft:rotten_flesh":1,"minecraft:torch":10,"justhammers:diamond_hammer":212,"minecraft:crafting_table":4,"minecraft:tuff":20,"minecraft:granite":58,"minecraft:diamond_pickaxe":621,"minecraft:iron_pickaxe":49,"minecraft:stone_axe":30,"minecraft:diamond_sword":44,"minecraft:cobblestone":19,"minecraft:furnace":4,"minecraft:cooked_porkchop":4,"minecraft:andesite":7,"minecraft:cobbled_deepslate":331},"minecraft:picked_up":{"minecraft:iron_chestplate":1,"minecraft:birch_log":3,"gamma_beasts:thin_oak_log":24,"minecraft:leather_chestplate":2,"minecraft:crafting_table":2,"byg:soapstone":108,"minecraft:chainmail_boots":1,"minecraft:andesite":43,"minecraft:flint":11,"minecraft:tuff":20,"minecraft:oak_log":7,"gamma_beasts:oak_leaf":2,"jeg:scrap":14,"minecraft:dirt":73,"minecraft:raw_copper":55,"minecraft:bone":2,"immersive_armors:heavy_chestplate":1,"minecraft:cobbled_deepslate":350,"minecraft:raw_gold":4,"minecraft:iron_ingot":1,"dynamictrees:birch_seed":3,"jeg:tech_trash":4,"minecraft:iron_boots":1,"minecraft:stick":18,"minecraft:raw_iron":86,"minecraft:torch":6,"iceandfire:silver_ore":5,"minecraft:gravel":103,"minecraft:diorite":37,"minecraft:redstone":41,"born_in_chaos_v1:fried_maggot":2,"minecraft:rotten_flesh":11,"minecraft:diamond":35,"minecraft:granite":260,"gamma_beasts:coal_nugget":8,"minecraft:coal":20,"born_in_chaos_v1:corpse_maggot":10,"minecraft:cobblestone":217},"minecraft:dropped":{"justhammers:diamond_hammer":1,"gamma_beasts:oak_leaf":2,"born_in_chaos_v1:fried_maggot":2,"alexsmobs:animal_dictionary":1,"minecraft:cobbled_deepslate":13,"minecraft:iron_helmet":1,"minecraft:cobblestone":4,"minecraft:iron_boots":1,"minecraft:granite":74,"minecraft:stick":3,"minecraft:dirt":12,"minecraft:leather_chestplate":3,"minecraft:diorite":16,"minecraft:iron_chestplate":1,"byg:soapstone":128,"minecraft:andesite":11,"minecraft:chainmail_boots":2,"minecraft:stone_pickaxe":1,"minecraft:wooden_pickaxe":1,"minecraft:raw_gold":4,"jeg:tech_trash":4,"minecraft:iron_ingot":1,"byg:biomepedia":1},"minecraft:mined":{"minecraft:deepslate_redstone_ore":6,"minecraft:tuff":20,"gamma_beasts:roble_hoja_1":1,"jeg:scrap_ore":10,"iceandfire:silver_ore":1,"minecraft:deepslate_diamond_ore":24,"minecraft:sculk_vein":1,"minecraft:crafting_table":2,"minecraft:torch":5,"minecraft:granite":148,"minecraft:grass_block":1,"minecraft:copper_ore":6,"minecraft:deepslate_gold_ore":1,"minecraft:diorite":19,"byg:soapstone":41,"minecraft:redstone_ore":3,"minecraft:fire":6,"minecraft:iron_ore":20,"minecraft:cobbled_deepslate":20,"minecraft:andesite":33,"gamma_beasts:thin_oak_log":24,"minecraft:grass":3,"chococraft:gysahl_green":1,"minecraft:coal_ore":20,"minecraft:deepslate_iron_ore":40,"minecraft:gravel":123,"minecraft:dirt":81,"minecraft:stone":237,"minecraft:gold_ore":3,"minecraft:deepslate":115},"minecraft:custom":{"minecraft:interact_with_furnace":45,"minecraft:mob_kills":12,"minecraft:traded_with_villager":5,"minecraft:interact_with_crafting_table":18,"minecraft:time_since_death":94751,"minecraft:sleep_in_bed":1,"minecraft:time_since_rest":20421,"minecraft:sprint_one_cm":115662,"minecraft:damage_taken":423,"minecraft:walk_one_cm":263509,"minecraft:drop":31,"minecraft:damage_dealt":2500,"minecraft:swim_one_cm":5296,"minecraft:fly_one_cm":140174,"minecraft:open_chest":4,"minecraft:crouch_one_cm":10417,"minecraft:play_time":94751,"tombstone:undead_killed":6,"minecraft:sneak_time":2712,"minecraft:walk_under_water_one_cm":612,"minecraft:jump":801,"minecraft:walk_on_water_one_cm":4631,"minecraft:total_world_time":94751,"minecraft:fall_one_cm":11171},"minecraft:crafted":{"minecraft:oak_planks":76,"minecraft:diamond_sword":1,"minecraft:cooked_porkchop":4,"minecraft:diamond_axe":1,"minecraft:crafting_table":3,"minecraft:wooden_pickaxe":1,"minecraft:iron_helmet":1,"minecraft:furnace":4,"minecraft:birch_planks":12,"minecraft:stone_axe":1,"minecraft:flint_and_steel":1,"minecraft:diamond_helmet":1,"minecraft:iron_boots":1,"minecraft:diamond_leggings":1,"minecraft:iron_chestplate":1,"minecraft:diamond_pickaxe":1,"born_in_chaos_v1:fried_maggot":8,"minecraft:stick":4,"justhammers:diamond_hammer":1,"minecraft:leather_chestplate":1,"minecraft:chainmail_boots":1,"minecraft:iron_ingot":86,"minecraft:iron_pickaxe":1,"minecraft:stone_pickaxe":2,"minecraft:iron_shovel":1,"minecraft:diamond_boots":1,"minecraft:torch":4,"minecraft:diamond_chestplate":1}},"DataVersion":3120}