{"stats":{"minecraft:crafted":{"minecraft:smooth_stone":15,"minecraft:stone":45,"securitycraft:keypad_item":1,"minecraft:diamond_shovel":1,"minecraft:heavy_weighted_pressure_plate":1,"born_in_chaos_v1:dark_metal_ingot":1,"minecraft:cooked_mutton":3,"minecraft:iron_boots":1,"minecraft:diamond_helmet":2,"minecraft:diamond_leggings":2,"sophisticatedbackpacks:copper_backpack":1,"justhammers:diamond_hammer":4,"minecraft:chest":5,"minecraft:netherite_helmet":1,"scalinghealth:power_crystal":2,"sophisticatedbackpacks:backpack":1,"minecraft:cooked_porkchop":11,"minecraft:diamond_axe":1,"minecraft:crafting_table":12,"minecraft:wooden_pickaxe":1,"minecraft:iron_helmet":1,"minecraft:smithing_table":2,"minecraft:copper_ingot":16,"minecraft:birch_planks":200,"byg:palm_planks":24,"minecraft:iron_chestplate":1,"minecraft:diamond_pickaxe":1,"gamma_beasts:prehnite_armor_leggings":1,"sophisticatedbackpacks:diamond_backpack":1,"minecraft:stick":36,"minecraft:iron_ingot":99,"minecraft:stone_sword":2,"minecraft:gold_ingot":14,"minecraft:netherite_ingot":6,"sophisticatedbackpacks:netherite_backpack":1,"minecraft:coal":67,"minecraft:netherite_sword":1,"minecraft:furnace":13,"minecraft:stone_button":13,"minecraft:blast_furnace":1,"minecraft:bone_meal":15,"minecraft:flint_and_steel":1,"minecraft:netherite_chestplate":1,"minecraft:netherite_leggings":1,"minecraft:stone_pickaxe":2,"minecraft:diamond_boots":2,"minecraft:netherite_scrap":26,"sophisticatedbackpacks:iron_backpack":1,"minecraft:cooked_beef":10,"minecraft:diamond_sword":2,"minecraft:iron_sword":1,"minecraft:cooked_salmon":6,"sophisticatedbackpacks:gold_backpack":1,"minecraft:bucket":2,"minecraft:stone_axe":1,"justhammers:iron_hammer":6,"justhammers:stone_hammer":2,"minecraft:white_bed":1,"minecraft:torch":52,"minecraft:diamond_chestplate":1},"minecraft:mined":{"luckytntmod:tnt_x5":1,"minecraft:white_bed":1,"minecraft:obsidian":12,"minecraft:grass_block":128,"minecraft:soul_soil":2,"minecraft:coal_block":12,"luckytntmod:deepslate_uranium_ore":14,"minecraft:glowstone":1,"minecraft:iron_ore":4,"minecraft:fire":5,"chococraft:gysahl_green":10,"minecraft:azalea":1,"byg:dacite":4,"minecraft:blackstone":6,"byg:skyris_leaves":3,"minecraft:clay":4,"minecraft:torch":10,"minecraft:dark_oak_wood":2,"minecraft:blast_furnace":1,"byg:tall_crimson_roots":1,"byg:podzol_dacite":3,"minecraft:cobblestone":24,"minecraft:sugar_cane":8,"minecraft:oak_planks":1,"minecraft:wall_torch":13,"byg:lush_grass_block":1,"minecraft:seagrass":1,"byg:palm_log":6,"minecraft:nether_wart_block":1,"byg:green_apple_fruit_block":2,"minecraft:stripped_oak_wood":1,"minecraft:grass":39,"minecraft:sand":4,"minecraft:dirt":27,"byg:blueberry_bush":1,"born_in_chaos_v1:infernal_evil_pumpkin_s":1,"minecraft:netherrack":12,"minecraft:ancient_debris":1,"minecraft:oak_leaves":5,"iceandfire:dread_stone_bricks":1,"minecraft:deepslate":35,"iceandfire:chared_stone":1,"iceandfire:lightning_lily":1,"minecraft:crying_obsidian":2,"scalinghealth:power_crystal_ore":1,"minecraft:deepslate_diamond_ore":1,"born_in_chaos_v1:black_argillite":3,"minecraft:moss_block":2,"minecraft:large_fern":1,"dynamictrees:oak_leaves":1,"minecraft:andesite":1,"dynamictrees:spruce_leaves":8,"minecraft:stone":64,"minecraft:smithing_table":1,"minecraft:soul_sand":3,"minecraft:basalt":1,"minecraft:dandelion":1,"minecraft:oak_fence":2,"minecraft:cornflower":1,"luckytntmod:flak_tnt":1,"minecraft:emerald_ore":2,"minecraft:tall_grass":8,"byg:green_apple_skyris_leaves":3,"minecraft:coarse_dirt":2,"byg:lush_dirt":1,"byg:wailing_grass":1,"minecraft:coal_ore":9,"minecraft:sunflower":4,"minecraft:gravel":24,"minecraft:cobweb":7,"minecraft:stone_bricks":6,"minecraft:fern":7},"minecraft:picked_up":{"minecraft:iron_chestplate":1,"chococraft:loverly_gysahl_green":6,"minecraft:wheat":3,"byg:lush_dirt":2,"minecraft:smithing_table":1,"minecraft:enchanted_book":2,"tombstone:grave_key":1,"minecraft:amethyst_block":9,"born_in_chaos_v1:black_argillite":4,"minecraft:string":15,"minecraft:raw_copper":242,"minecraft:cobbled_deepslate":319,"minecraft:smooth_stone":7,"minecraft:spruce_planks":4,"minecraft:calcite":9,"minecraft:azalea":2,"minecraft:coal_block":62,"minecraft:iron_boots":1,"minecraft:stick":66,"born_in_chaos_v1:shattered_skull":1,"minecraft:torch":22,"born_in_chaos_v1:pileof_dark_metal":2,"iceandfire:silver_ore":3,"minecraft:porkchop":11,"tombstone:grave_dust":11,"minecraft:diorite":177,"born_in_chaos_v1:nightmare_claw":1,"minecraft:stone_sword":1,"minecraft:rotten_flesh":74,"minecraft:tropical_fish":1,"gamma_beasts:coal_nugget":9,"minecraft:obsidian":12,"undead_revamp2:arapholia":1,"minecraft:cobblestone":3122,"minecraft:birch_log":95,"iceandfire:sapphire_gem":7,"minecraft:water_bucket":1,"minecraft:andesite":185,"gamma_beasts:prehnite":14,"minecraft:flint":2,"minecraft:tuff":18,"jeg:scrap":80,"minecraft:lapis_lazuli":116,"minecraft:dirt":82,"born_in_chaos_v1:nightmare_stalker_skull":1,"born_in_chaos_v1:monster_skin":3,"minecraft:bone":40,"minecraft:wheat_seeds":11,"minecraft:raw_gold":54,"minecraft:moss_block":4,"croptopia:roe":6,"justhammers:iron_hammer":1,"minecraft:sand":13,"immersive_armors:divine_boots":1,"iceandfire:chared_cobblestone":8,"undead_revamp2:heavytooth":1,"minecraft:bundle":2,"minecraft:diamond":90,"minecraft:granite":187,"minecraft:emerald":3,"minecraft:netherrack":348,"minecraft:crimson_roots":1,"undead_revamp2:bostroxingot":1,"born_in_chaos_v1:diamond_termite_shard":3,"minecraft:coarse_dirt":4,"byg:soapstone":276,"minecraft:clay_ball":16,"born_in_chaos_v1:seedof_chaos":2,"minecraft:brown_mushroom":3,"dynamictrees:spruce_seed":2,"minecraft:wooden_pickaxe":6,"minecraft:heavy_weighted_pressure_plate":1,"minecraft:blackstone":856,"gamma_beasts:prehnite_armor_leggings":1,"minecraft:beef":10,"minecraft:sugar_cane":43,"minecraft:raw_iron":239,"iceandfire:dragonbone":17,"minecraft:stone":7,"byg:green_apple":4,"born_in_chaos_v1:pieceofdarkmetal":15,"minecraft:carrot":1,"minecraft:redstone":70,"luckytntmod:deepslate_uranium_ore":43,"iceandfire:dragon_skull_ice":2,"jeg:healing_talisman":1,"minecraft:arrow":16,"tombstone:essence_of_undeath":1,"minecraft:gold_ingot":14,"byg:palm_log":6,"jeg:raw_brimstone":36,"minecraft:white_wool":3,"born_in_chaos_v1:corpse_maggot":15,"minecraft:salmon":6,"minecraft:leather":9,"minecraft:birch_planks":14,"scalinghealth:bandages":1,"minecraft:ancient_debris":27,"minecraft:gunpowder":233,"byg:dacite_cobblestone":7,"scalinghealth:heart_crystal":7,"tombstone:gift":4,"minecraft:cooked_mutton":21,"chococraft:gysahl_green":37,"minecraft:rabbit_hide":2,"dynamictrees:birch_seed":34,"minecraft:iron_ingot":1,"minecraft:stone_pickaxe":3,"byg:skyris_sapling":1,"scalinghealth:power_crystal_shard":21,"minecraft:iron_sword":2,"minecraft:soul_sand":2,"jeg:tech_trash":5,"iceandfire:chared_stone":25,"minecraft:smooth_basalt":7,"luckytntmod:tnt_x5":2,"born_in_chaos_v1:ethereal_spirit":3,"minecraft:quartz":25,"minecraft:dandelion":1,"minecraft:gravel":18,"chococraft:gysahl_green_seeds":27,"minecraft:blast_furnace":1,"minecraft:crying_obsidian":2,"justhammers:diamond_hammer":1,"minecraft:slime_ball":14,"jeg:ectoplasm":3,"tombstone:magic_scroll":2,"minecraft:coal":169,"minecraft:sunflower":2},"minecraft:used":{"iceandfire:dragon_skull_ice":1,"minecraft:chest":4,"minecraft:iron_sword":232,"minecraft:rotten_flesh":1,"luckytntmod:tnt_x5":1,"securitycraft:keypad_item":1,"minecraft:obsidian":17,"minecraft:lava_bucket":1,"minecraft:bow":7,"minecraft:furnace":12,"croptopia:roe":6,"minecraft:stone_pickaxe":38,"minecraft:blackstone":572,"minecraft:wooden_pickaxe":37,"minecraft:diamond_axe":134,"minecraft:blast_furnace":2,"minecraft:diamond_sword":469,"minecraft:smithing_table":2,"chococraft:gysahl_green":1,"minecraft:cobweb":6,"minecraft:stone_sword":23,"minecraft:flint_and_steel":4,"minecraft:tropical_fish":1,"born_in_chaos_v1:black_argillite":1,"minecraft:cooked_salmon":6,"minecraft:netherrack":45,"minecraft:torch":47,"minecraft:dirt":40,"scalinghealth:heart_crystal":7,"minecraft:iron_boots":1,"scalinghealth:power_crystal":2,"tombstone:gift":4,"minecraft:cooked_beef":10,"minecraft:cooked_mutton":23,"minecraft:water_bucket":13,"justhammers:diamond_hammer":1911,"minecraft:crafting_table":12,"minecraft:white_bed":1,"justhammers:iron_hammer":796,"gamma_beasts:prehnite_armor_leggings":1,"minecraft:diamond_pickaxe":202,"minecraft:diamond_shovel":155,"byg:soapstone":2,"justhammers:stone_hammer":172,"minecraft:stone_axe":23,"minecraft:cobblestone":555,"minecraft:cooked_porkchop":6,"minecraft:bucket":16},"minecraft:dropped":{"byg:biomepedia":1,"minecraft:iron_sword":1,"minecraft:soul_sand":2,"minecraft:moss_block":2,"minecraft:brown_mushroom":7,"minecraft:birch_planks":21,"minecraft:diamond":11,"dynamictrees:spruce_seed":2,"gamma_beasts:prehnite_armor_leggings":1,"minecraft:dirt":42,"jeg:healing_talisman":1,"minecraft:stone_button":5,"minecraft:crimson_roots":1,"minecraft:bone_meal":1,"minecraft:sunflower":2,"minecraft:sand":14,"jeg:tech_trash":3,"minecraft:bone":8,"byg:palm_planks":6,"minecraft:blackstone":76,"alexsmobs:animal_dictionary":1,"minecraft:cobbled_deepslate":31,"minecraft:wheat":3,"tombstone:gift":6,"minecraft:rotten_flesh":55,"minecraft:cooked_mutton":1,"justhammers:iron_hammer":1,"minecraft:rabbit_hide":2,"byg:skyris_sapling":1,"born_in_chaos_v1:corpse_maggot":5,"minecraft:azalea":2,"minecraft:netherrack":52,"minecraft:enchanted_book":2,"minecraft:water_bucket":1,"justhammers:diamond_hammer":1,"minecraft:wheat_seeds":4,"dynamictrees:birch_seed":41,"gamma_beasts:coal_nugget":6,"minecraft:iron_helmet":1,"minecraft:cobblestone":456,"minecraft:amethyst_block":9,"chococraft:gysahl_green_seeds":27,"minecraft:granite":41,"minecraft:stick":2,"born_in_chaos_v1:black_argillite":3,"minecraft:diorite":60,"byg:soapstone":138,"tombstone:grave_dust":8,"minecraft:smooth_stone":7,"minecraft:string":5,"minecraft:dandelion":1,"minecraft:smooth_basalt":7,"minecraft:coarse_dirt":2,"minecraft:stone_sword":3,"minecraft:raw_copper":72,"minecraft:tuff":11,"minecraft:iron_boots":1,"iceandfire:dragon_skull_ice":1,"minecraft:stone":4,"minecraft:bundle":2,"minecraft:iron_chestplate":1,"minecraft:andesite":82,"minecraft:stone_pickaxe":2,"minecraft:wooden_pickaxe":7,"scalinghealth:bandages":1},"minecraft:killed":{"undead_revamp2:thewolf":1,"born_in_chaos_v1:zombie_clown":1,"minecraft:cave_spider":1,"born_in_chaos_v1:restless_spirit":2,"born_in_chaos_v1:skeleton_demoman":1,"minecraft:spider":4,"undead_revamp2:thesmoker":4,"born_in_chaos_v1:baby_skeleton_minion":6,"undead_revamp2:theswarmer":1,"minecraft:skeleton":14,"minecraft:bee":1,"whisperwoods:wisp":1,"born_in_chaos_v1:skeleton_thrasher":1,"undead_revamp2:therod":1,"undead_revamp2:thespitter":1,"jeg:ghoul":5,"born_in_chaos_v1:bonescaller":1,"minecraft:pig":7,"born_in_chaos_v1:diamond_termite":3,"minecraft:salmon":7,"undead_revamp2:theheavy":1,"undead_revamp2:thebeartamer":1,"minecraft:zombie":20,"born_in_chaos_v1:corpse_fly":10,"minecraft:stray":9,"born_in_chaos_v1:door_knight":3,"minecraft:cow":8,"graveyard:revenant":5,"alexsmobs:raccoon":2,"undead_revamp2:bomber":1,"born_in_chaos_v1:zombie_bruiser":1,"born_in_chaos_v1:maggot":10,"undead_revamp2:thebidy":1,"born_in_chaos_v1:corpse_fish":1,"undead_revamp2:sucker":1,"born_in_chaos_v1:fallen_chaos_knight":1,"graveyard:ghoul":2,"born_in_chaos_v1:baby_skeleton":3,"born_in_chaos_v1:swarmer":1,"undead_revamp2:the_moonflower":5,"born_in_chaos_v1:decrepit_skeleton":8,"iceandfire:ghost":3,"born_in_chaos_v1:dark_vortex":1,"born_in_chaos_v1:nightmare_stalker":1},"minecraft:broken":{"justhammers:stone_hammer":2,"justhammers:diamond_hammer":1,"justhammers:iron_hammer":5},"minecraft:killed_by":{"minecraft:creeper":1,"alexsmobs:tusklin":1,"minecraft:zombie":1,"iceandfire:fire_dragon":3,"minecraft:player":3,"iceandfire:dread_beast":1,"born_in_chaos_v1:skeleton_thrasher":1,"gamma_beasts:dogishi_a":1},"minecraft:custom":{"minecraft:interact_with_crafting_table":86,"goblintraders:trade_with_goblin":4,"minecraft:bell_ring":1,"minecraft:leave_game":5,"minecraft:time_since_death":2231,"minecraft:damage_resisted":1728,"minecraft:sprint_one_cm":525623,"minecraft:drop":164,"minecraft:play_time":269184,"minecraft:deaths":14,"tombstone:tomb_raiding":1,"minecraft:jump":4831,"minecraft:walk_on_water_one_cm":55539,"minecraft:interact_with_furnace":111,"minecraft:sleep_in_bed":1,"tombstone:sneak_grave":1,"minecraft:damage_dealt":37972,"minecraft:player_kills":3,"minecraft:crouch_one_cm":39436,"tombstone:undead_killed":103,"minecraft:interact_with_smithing_table":9,"minecraft:mob_kills":172,"minecraft:damage_dealt_resisted":4095,"minecraft:climb_one_cm":1285,"minecraft:walk_one_cm":840186,"minecraft:damage_dealt_absorbed":331,"minecraft:sneak_time":14453,"minecraft:walk_under_water_one_cm":37558,"minecraft:interact_with_blast_furnace":16,"minecraft:total_world_time":269184,"minecraft:time_since_rest":1986,"minecraft:damage_taken":11562,"minecraft:trigger_trapped_chest":3,"minecraft:swim_one_cm":39387,"minecraft:fly_one_cm":1017107,"minecraft:open_chest":47,"minecraft:fall_one_cm":130321}},"DataVersion":3120}