{"stats":{"minecraft:crafted":{"minecraft:furnace":3,"minecraft:glass":20,"minecraft:ladder":42,"justhammers:diamond_hammer":2,"minecraft:stone_pickaxe":4,"minecraft:chest":4,"minecraft:redstone_block":1,"minecraft:gray_bed":1,"minecraft:crafting_table":2,"minecraft:spruce_planks":130,"minecraft:wooden_pickaxe":2,"minecraft:bucket":1,"minecraft:birch_planks":214,"minecraft:stone_axe":1,"minecraft:bread":7,"minecraft:shield":1,"minecraft:stick":107,"minecraft:iron_ingot":7,"minecraft:birch_trapdoor":6,"minecraft:wooden_axe":5,"minecraft:iron_block":3,"minecraft:stone_sword":4,"minecraft:anvil":1,"minecraft:torch":206},"minecraft:picked_up":{"minecraft:coarse_dirt":1,"minecraft:crafting_table":2,"minecraft:wheat":21,"byg:soapstone":42,"minecraft:ladder":9,"byg:foxglove":3,"minecraft:brown_mushroom":5,"dynamictrees:spruce_seed":14,"minecraft:wooden_pickaxe":1,"tombstone:grave_key":2,"minecraft:chain":2,"luckytntmod:honey_tnt":1,"minecraft:raw_copper":52,"minecraft:flint_and_steel":1,"minecraft:magenta_wool":1,"minecraft:beetroot":1,"minecraft:cracked_stone_bricks":6,"minecraft:cobbled_deepslate":159,"minecraft:detector_rail":3,"minecraft:spruce_planks":6,"iceandfire:dread_shard":6,"minecraft:redstone_torch":8,"minecraft:cobblestone_slab":11,"minecraft:iron_nugget":1,"minecraft:iron_pickaxe":1,"minecraft:spruce_slab":11,"minecraft:chest":1,"minecraft:furnace":1,"minecraft:stick":117,"minecraft:raw_iron":109,"minecraft:copper_ingot":4,"minecraft:birch_trapdoor":2,"minecraft:torch":28,"iceandfire:silver_ore":11,"tombstone:grave_dust":17,"minecraft:diorite":60,"minecraft:redstone":33,"the_bumblezone:bee_stinger":1,"minecraft:arrow":39,"minecraft:rotten_flesh":32,"minecraft:beetroot_seeds":4,"minecraft:hay_block":12,"croptopia:raspberry_seed":2,"crittersandcompanions:silk":20,"gamma_beasts:coal_nugget":20,"tombstone:essence_of_undeath":2,"minecraft:rail":10,"byg:rocky_stone":79,"undead_revamp2:arapholia":1,"minecraft:snowball":6,"minecraft:white_wool":4,"minecraft:cobblestone":1187,"minecraft:birch_log":51,"born_in_chaos_v1:corpse_maggot":2,"gamma_beasts:pear":3,"minecraft:magma_block":3,"minecraft:glow_ink_sac":3,"minecraft:andesite":191,"minecraft:jungle_log":2,"minecraft:brown_wool":5,"croptopia:glowing_calamari":1,"minecraft:red_mushroom":9,"gamma_beasts:prehnite":15,"minecraft:birch_planks":5,"minecraft:flint":2,"gamma_beasts:thin_birch_log":5,"minecraft:magenta_bed":6,"minecraft:gunpowder":194,"byg:dacite_cobblestone":27,"scalinghealth:heart_crystal":4,"minecraft:lapis_lazuli":29,"minecraft:dirt":43,"minecraft:polished_granite":16,"minecraft:bone":41,"chococraft:gysahl_green":13,"minecraft:stone_bricks":21,"undead_revamp2:blacpetalblock":1,"minecraft:wheat_seeds":57,"minecraft:raw_gold":1,"alexsmobs:cockroach_wing_fragment":1,"minecraft:rabbit_hide":7,"minecraft:iron_ingot":4,"dynamictrees:birch_seed":19,"croptopia:raspberry":1,"minecraft:mossy_stone_bricks":5,"minecraft:powered_rail":78,"minecraft:gray_bed":1,"scalinghealth:heart_crystal_shard":21,"minecraft:black_candle":4,"minecraft:pumpkin":4,"byg:fairy_slipper":1,"minecraft:gravel":2,"minecraft:sand":34,"chococraft:gysahl_green_seeds":5,"minecraft:spruce_log":46,"minecraft:gold_ore":7,"minecraft:spider_eye":4,"minecraft:barrel":2,"minecraft:slime_ball":1,"byg:skyris_crafting_table":3,"minecraft:diamond":8,"minecraft:granite":135,"minecraft:bone_meal":1,"minecraft:golden_apple":1,"minecraft:gray_wool":29,"minecraft:baked_potato":12,"tombstone:magic_scroll":2,"born_in_chaos_v1:rotten_fish":2,"minecraft:melon_seeds":3,"minecraft:coal":120},"minecraft:mined":{"minecraft:light_blue_stained_glass_pane":1,"minecraft:spruce_planks":7,"iceandfire:silver_ore":5,"minecraft:ladder":8,"minecraft:granite":33,"minecraft:grass_block":9,"minecraft:brown_wool":13,"minecraft:spawner":10,"minecraft:large_fern":1,"minecraft:hay_block":12,"gamma_beasts:thin_birch_log":5,"minecraft:furnace":1,"minecraft:iron_ore":20,"minecraft:barrel":1,"minecraft:fire":18,"minecraft:andesite":73,"minecraft:pumpkin":2,"chococraft:gysahl_green":8,"minecraft:cobblestone_slab":1,"minecraft:rail":17,"minecraft:black_candle":1,"byg:rocky_stone":49,"minecraft:stone":138,"minecraft:white_wool":4,"minecraft:spruce_slab":14,"byg:fairy_slipper":1,"byg:dacite":24,"minecraft:brown_mushroom":3,"minecraft:polished_granite":1,"minecraft:crafting_table":3,"minecraft:torch":2,"minecraft:chest":1,"minecraft:copper_ore":15,"minecraft:cobblestone":19,"minecraft:diorite":15,"minecraft:wall_torch":5,"byg:lush_grass_block":1,"minecraft:spruce_stairs":1,"minecraft:birch_planks":6,"minecraft:gray_wool":25,"minecraft:coarse_dirt":1,"byg:skyris_crafting_table":3,"minecraft:powered_rail":79,"byg:dacite_cobblestone":3,"minecraft:ice":9,"minecraft:redstone_torch":7,"minecraft:wheat":21,"minecraft:magenta_bed":6,"minecraft:birch_trapdoor":2,"minecraft:gray_bed":1,"byg:foxglove":1,"minecraft:grass":16,"minecraft:coal_ore":62,"minecraft:beetroots":3,"minecraft:gravel":3,"minecraft:dirt":17,"minecraft:sand":35,"minecraft:magenta_wool":1,"minecraft:fern":1},"minecraft:dropped":{"byg:biomepedia":1,"byg:foxglove":1,"minecraft:cobblestone":1,"chococraft:gysahl_green_seeds":5,"dynamictrees:spruce_seed":14,"minecraft:dirt":9,"minecraft:gray_wool":4,"minecraft:diorite":1,"minecraft:chain":1,"minecraft:pumpkin":2,"minecraft:bone":5,"minecraft:rotten_flesh":15,"croptopia:raspberry_seed":2,"minecraft:cobblestone_slab":1,"minecraft:andesite":1,"minecraft:spider_eye":2,"tombstone:essence_of_undeath":1,"minecraft:arrow":2,"minecraft:powered_rail":3,"minecraft:wooden_pickaxe":1,"minecraft:magma_block":2},"minecraft:used":{"luckytntmod:honey_tnt":1,"minecraft:stone_sword":401,"minecraft:flint_and_steel":7,"minecraft:spruce_slab":6,"minecraft:ladder":51,"minecraft:chest":5,"minecraft:shield":17,"minecraft:torch":171,"scalinghealth:heart_crystal":2,"minecraft:anvil":1,"minecraft:dirt":10,"minecraft:golden_shovel":25,"croptopia:raspberry":1,"minecraft:granite":32,"minecraft:wooden_axe":157,"minecraft:lava_bucket":1,"gamma_beasts:pear":3,"minecraft:barrel":2,"minecraft:birch_trapdoor":2,"minecraft:magenta_wool":1,"byg:dacite_cobblestone":18,"minecraft:furnace":4,"minecraft:gray_bed":2,"tombstone:gift":3,"minecraft:cobbled_deepslate":37,"minecraft:water_bucket":40,"byg:skyris_crafting_table":3,"minecraft:birch_planks":97,"minecraft:stone_pickaxe":350,"minecraft:powered_rail":5,"minecraft:baked_potato":21,"minecraft:wooden_pickaxe":116,"byg:rocky_stone":79,"minecraft:cobblestone_slab":3,"minecraft:golden_apple":1,"minecraft:sand":14,"minecraft:magenta_bed":6,"justhammers:diamond_hammer":731,"minecraft:crafting_table":4,"minecraft:spider_eye":3,"minecraft:spruce_log":3,"minecraft:iron_pickaxe":162,"minecraft:bread":8,"minecraft:brown_wool":4,"tombstone:magic_scroll":6,"minecraft:stone_axe":76,"minecraft:cobblestone":946,"minecraft:andesite":49,"minecraft:black_candle":4,"minecraft:bucket":41,"chococraft:gysahl_green":12,"minecraft:coarse_dirt":1,"minecraft:gray_wool":9},"minecraft:killed":{"born_in_chaos_v1:zombie_lumberjack":1,"born_in_chaos_v1:maggot":2,"minecraft:skeleton":48,"undead_revamp2:therod":3,"born_in_chaos_v1:corpse_fish":3,"born_in_chaos_v1:baby_skeleton":1,"undead_revamp2:the_moonflower":8,"born_in_chaos_v1:decrepit_skeleton":1,"whisperwoods:zotzpyre":3,"minecraft:zombie":4,"minecraft:glow_squid":1},"minecraft:broken":{"minecraft:stone_sword":2,"justhammers:diamond_hammer":1,"minecraft:golden_shovel":1,"minecraft:wooden_pickaxe":2,"minecraft:stone_pickaxe":1,"minecraft:stone_axe":1,"minecraft:wooden_axe":5},"minecraft:killed_by":{"minecraft:player":2,"undead_revamp2:the_moonflower":1,"graveyard:ghoul":1,"iceandfire:dread_ghoul":1,"minecraft:silverfish":1,"undead_revamp2:therod":1,"minecraft:skeleton":27,"iceandfire:ghost":1,"undead_revamp2:thepregnant":2,"born_in_chaos_v1:dire_hound_leader":1},"minecraft:custom":{"minecraft:interact_with_anvil":3,"minecraft:mob_kills":81,"minecraft:interact_with_crafting_table":60,"minecraft:open_barrel":51,"minecraft:damage_dealt_resisted":71,"minecraft:leave_game":3,"minecraft:time_since_death":9831,"minecraft:climb_one_cm":21821,"minecraft:sprint_one_cm":894085,"minecraft:walk_one_cm":769316,"minecraft:damage_blocked_by_shield":754,"minecraft:drop":62,"minecraft:play_noteblock":1,"minecraft:damage_dealt_absorbed":131,"minecraft:play_time":281652,"minecraft:sneak_time":1412,"minecraft:deaths":41,"minecraft:walk_under_water_one_cm":144262,"minecraft:jump":3401,"minecraft:walk_on_water_one_cm":229594,"minecraft:total_world_time":281652,"minecraft:interact_with_furnace":15,"spartanshields:shield_bash_hits":8,"minecraft:tune_noteblock":17,"minecraft:sleep_in_bed":1,"minecraft:time_since_rest":7432,"minecraft:damage_absorbed":40,"minecraft:damage_taken":17987,"minecraft:trigger_trapped_chest":2,"minecraft:damage_dealt":16952,"minecraft:swim_one_cm":43295,"minecraft:fly_one_cm":304586,"minecraft:open_chest":29,"minecraft:crouch_one_cm":1492,"tombstone:undead_killed":66,"minecraft:fall_one_cm":73718}},"DataVersion":3120}