{"stats":{"minecraft:killed":{"undead_revamp2:thesmoker":1,"minecraft:sheep":3,"minecraft:zombie":12,"minecraft:cow":1},"minecraft:broken":{"minecraft:stone_pickaxe":1,"minecraft:wooden_shovel":1,"minecraft:stone_axe":1},"minecraft:used":{"minecraft:stone_pickaxe":172,"minecraft:wooden_pickaxe":56,"minecraft:chest":1,"minecraft:leather_chestplate":1,"minecraft:wooden_shovel":63,"minecraft:torch":15,"minecraft:dirt":105,"justhammers:diamond_hammer":6,"minecraft:crafting_table":2,"minecraft:white_bed":2,"minecraft:bread":2,"minecraft:stone_axe":153,"minecraft:chainmail_boots":1,"minecraft:cooked_porkchop":20,"minecraft:andesite":1,"tombstone:gift":1},"minecraft:picked_up":{"gamma_beasts:thin_oak_log":21,"born_in_chaos_v1:corpse_maggot":3,"minecraft:iron_chestplate":1,"minecraft:wheat":3,"byg:soapstone":7,"minecraft:andesite":17,"minecraft:jungle_log":9,"minecraft:leather":2,"minecraft:wooden_pickaxe":1,"minecraft:flint":1,"minecraft:oak_log":41,"born_in_chaos_v1:black_argillite_button":2,"minecraft:lapis_lazuli":64,"minecraft:dirt":105,"minecraft:string":2,"minecraft:raw_copper":71,"minecraft:iron_leggings":1,"minecraft:bone":4,"minecraft:wheat_seeds":4,"minecraft:cobbled_deepslate":2,"minecraft:rabbit_hide":6,"minecraft:beef":3,"dynamictrees:birch_seed":3,"dynamictrees:oak_seed":18,"byg:mini_cactus":6,"minecraft:iron_boots":3,"minecraft:stick":77,"minecraft:raw_iron":3,"minecraft:cooked_porkchop":64,"minecraft:torch":3,"minecraft:gravel":2,"tombstone:grave_dust":1,"minecraft:white_bed":1,"justhammers:diamond_hammer":1,"minecraft:arrow":2,"minecraft:rotten_flesh":44,"born_in_chaos_v1:black_argillite_brick_slab":2,"minecraft:stone_axe":2,"minecraft:iron_helmet":1,"dynamictrees:jungle_seed":3,"crittersandcompanions:silk":9,"minecraft:granite":28,"gamma_beasts:coal_nugget":28,"scalinghealth:cursed_heart":1,"minecraft:mutton":4,"minecraft:coal":91,"minecraft:white_wool":3,"minecraft:cobblestone":326},"minecraft:dropped":{"minecraft:gravel":2,"byg:biomepedia":1,"minecraft:stone_axe":2,"alexsmobs:animal_dictionary":1,"scalinghealth:cursed_heart":1,"born_in_chaos_v1:black_argillite_button":2,"minecraft:cobblestone":62,"minecraft:rotten_flesh":30,"minecraft:iron_boots":1,"born_in_chaos_v1:black_argillite_brick_slab":2,"crittersandcompanions:silk":6,"dynamictrees:jungle_seed":3,"byg:soapstone":7,"byg:mini_cactus":5,"tombstone:grave_dust":1,"minecraft:wooden_pickaxe":1,"minecraft:bone":2},"minecraft:mined":{"minecraft:white_bed":1,"byg:beach_grass":1,"minecraft:sculk_vein":2,"minecraft:torch":1,"minecraft:grass_block":65,"minecraft:cobblestone":2,"byg:mini_cactus":1,"minecraft:tall_grass":1,"minecraft:copper_ore":21,"minecraft:lapis_ore":7,"minecraft:wall_torch":1,"byg:soapstone":7,"byg:prickly_pear_cactus":1,"minecraft:iron_ore":3,"minecraft:cobbled_deepslate":1,"byg:tall_beach_grass":1,"minecraft:andesite":17,"minecraft:grass":9,"gamma_beasts:thin_oak_log":22,"minecraft:oak_log":3,"minecraft:coal_ore":77,"crittersandcompanions:silk_cocoon":1,"minecraft:dirt":55,"dynamictrees:jungle_undergrowth_leaves":7,"minecraft:stone":59,"minecraft:oak_leaves":4,"minecraft:fern":4},"minecraft:killed_by":{"minecraft:player":1,"undead_revamp2:the_moonflower":1,"minecraft:creeper":2,"whisperwoods:zotzpyre":1},"minecraft:custom":{"minecraft:mob_kills":16,"minecraft:traded_with_villager":4,"minecraft:interact_with_crafting_table":8,"minecraft:leave_game":6,"minecraft:time_since_death":2029,"minecraft:sleep_in_bed":2,"minecraft:climb_one_cm":2453,"minecraft:damage_resisted":96,"minecraft:time_since_rest":1809,"minecraft:damage_taken":2147483647,"minecraft:sprint_one_cm":369365,"minecraft:walk_one_cm":329883,"minecraft:drop":26,"minecraft:damage_dealt":4119,"minecraft:swim_one_cm":6633,"minecraft:fly_one_cm":190396,"minecraft:player_kills":1,"minecraft:open_chest":10,"minecraft:crouch_one_cm":746,"minecraft:play_time":102687,"tombstone:undead_killed":13,"minecraft:deaths":6,"minecraft:sneak_time":1598,"minecraft:walk_under_water_one_cm":7502,"minecraft:jump":1385,"minecraft:walk_on_water_one_cm":21777,"minecraft:total_world_time":102687,"minecraft:fall_one_cm":28962},"minecraft:crafted":{"minecraft:oak_planks":58,"minecraft:wooden_shovel":1,"minecraft:crafting_table":2,"minecraft:wooden_pickaxe":1,"minecraft:stone_axe":2,"minecraft:bread":15,"minecraft:jungle_planks":16,"minecraft:wooden_hoe":1,"minecraft:leather_chestplate":1,"minecraft:chainmail_boots":1,"minecraft:stone_pickaxe":3,"minecraft:chest":1,"minecraft:white_bed":1,"minecraft:torch":24}},"DataVersion":3120}